number,value,datetime_start,datetime_complete,duration,params_clip_layer,params_lr,params_lr_scheduler,params_mlp_dropout,params_mlp_hidden_dim,params_optimizer_type,params_warmup_epochs,state
0,,2026-04-21 11:47:36.095421,2026-04-21 11:47:36.213562,0 days 00:00:00.118141,block_16,0.005950295391592125,constant,0.008233797718320978,512,adamw,,FAIL
1,0.9277423469387756,2026-04-21 11:51:05.441463,2026-04-21 11:52:14.535073,0 days 00:01:09.093610,block_16,0.005950295391592125,constant,0.008233797718320978,512,adamw,,COMPLETE
2,0.9192984693877551,2026-04-21 11:52:14.669995,2026-04-21 11:53:24.755858,0 days 00:01:10.085863,block_12,0.018236581424556055,cosine_warmup,0.11685785941408727,1024,adamw,9.0,COMPLETE
3,0.908125,2026-04-21 11:53:24.879577,2026-04-21 11:54:35.357504,0 days 00:01:10.477927,block_20,0.030860579740535368,cosine_warmup,0.38625281322982374,2048,adamw,4.0,COMPLETE
4,0.9242346938775511,2026-04-21 11:54:35.484658,2026-04-21 11:55:45.030527,0 days 00:01:09.545869,block_12,0.022039920190846215,constant,0.2650089137415928,1024,adamw,,COMPLETE
5,0.9088392857142857,2026-04-21 11:55:45.178723,2026-04-21 11:56:55.832703,0 days 00:01:10.653980,block_20,0.08342309693146736,constant,0.0353970008207678,2048,adamw,,COMPLETE
6,0.8476785714285714,2026-04-21 11:56:55.960051,2026-04-21 11:58:09.043573,0 days 00:01:13.083522,pre_proj,0.011600433752378412,cosine_warmup,0.02982025747190833,2048,adamw,7.0,COMPLETE
7,0.9228188775510204,2026-04-21 11:58:09.193950,2026-04-21 11:59:20.294251,0 days 00:01:11.100301,block_12,0.044404828493843605,constant,0.04634762381005189,512,adamw,,COMPLETE
8,0.9222704081632652,2026-04-21 11:59:20.415296,2026-04-21 12:00:31.489203,0 days 00:01:11.073907,block_12,0.033763806178210086,cosine_warmup,0.28529791488919803,512,adamw,12.0,COMPLETE
9,0.9080739795918367,2026-04-21 12:00:31.621346,2026-04-21 12:01:43.062807,0 days 00:01:11.441461,block_20,0.0053956162093432,constant,0.12574239243053068,2048,adamw,,COMPLETE
10,0.9285459183673469,2026-04-21 12:01:43.203654,2026-04-21 12:02:55.140070,0 days 00:01:11.936416,block_16,0.006296847508763163,constant,0.3232481518257668,2048,adamw,,COMPLETE
11,0.9284438775510203,2026-04-21 12:02:55.292822,2026-04-21 12:04:07.103026,0 days 00:01:11.810204,block_16,0.011146883164919243,constant,0.35046465014778433,512,adamw,,COMPLETE
12,0.9284566326530612,2026-04-21 12:04:07.253890,2026-04-21 12:05:19.519300,0 days 00:01:12.265410,block_16,0.005094978870825961,constant,0.26505239299967975,2048,adamw,,COMPLETE
13,0.8920918367346939,2026-04-21 12:05:19.667420,2026-04-21 12:05:42.224588,0 days 00:00:22.557168,block_12,0.00506648208368995,constant,0.34679274435759067,2048,adamw,,PRUNED
14,0.9344642857142857,2026-04-21 12:05:42.377630,2026-04-21 12:06:54.048274,0 days 00:01:11.670644,block_16,0.024603534343175953,constant,0.31903935184311594,2048,adamw,,COMPLETE
15,0.9334566326530612,2026-04-21 12:06:54.204622,2026-04-21 12:08:05.868828,0 days 00:01:11.664206,block_16,0.022603780276225338,constant,0.23862936161414225,2048,adamw,,COMPLETE
16,0.9334438775510204,2026-04-21 12:08:06.012605,2026-04-21 12:09:17.656695,0 days 00:01:11.644090,block_16,0.03544008441860276,constant,0.15639543818132373,2048,adamw,,COMPLETE
17,0.9320280612244898,2026-04-21 12:09:17.802450,2026-04-21 12:10:29.493650,0 days 00:01:11.691200,block_16,0.03408438603707274,constant,0.30878351722098896,2048,adamw,,COMPLETE
18,0.8115433673469388,2026-04-21 12:10:29.624308,2026-04-21 12:10:46.627991,0 days 00:00:17.003683,pre_proj,0.03224202171394557,constant,0.36381777375810387,512,adamw,,PRUNED
19,0.8190688775510204,2026-04-21 12:10:46.768453,2026-04-21 12:11:03.887370,0 days 00:00:17.118917,pre_proj,0.027047019473348893,cosine_warmup,0.24891801406501352,2048,adamw,14.0,PRUNED
20,0.9291071428571429,2026-04-21 12:11:04.038796,2026-04-21 12:12:15.677473,0 days 00:01:11.638677,block_16,0.022456748446202747,constant,0.19054966653673594,512,adamw,,COMPLETE
21,0.9137627551020409,2026-04-21 12:12:15.819794,2026-04-21 12:12:46.889769,0 days 00:00:31.069975,block_16,0.01628035755653188,cosine_warmup,0.2787507359662287,2048,adamw,10.0,PRUNED
22,0.9330229591836735,2026-04-21 12:12:47.026373,2026-04-21 12:13:58.834125,0 days 00:01:11.807752,block_16,0.02341103541981263,constant,0.12967759564298287,2048,adamw,,COMPLETE
23,0.8690561224489796,2026-04-21 12:13:58.955493,2026-04-21 12:14:16.019421,0 days 00:00:17.063928,block_20,0.038934196151861174,constant,0.2380790401376003,2048,adamw,,PRUNED
24,0.9016709183673469,2026-04-21 12:14:16.157220,2026-04-21 12:14:33.211711,0 days 00:00:17.054491,block_16,0.07611806181790282,constant,0.15764868326073392,2048,adamw,,PRUNED
25,0.8790433673469389,2026-04-21 12:14:33.349606,2026-04-21 12:14:50.375509,0 days 00:00:17.025903,block_12,0.018003886114645082,constant,0.20623813677472913,2048,adamw,,PRUNED
26,0.893469387755102,2026-04-21 12:14:50.516946,2026-04-21 12:15:07.586062,0 days 00:00:17.069116,block_16,0.04044438360912412,cosine_warmup,0.11976160948424408,2048,adamw,6.0,PRUNED
27,0.9321301020408164,2026-04-21 12:15:07.734676,2026-04-21 12:16:19.405551,0 days 00:01:11.670875,block_16,0.015901348585725346,constant,0.3597121008461614,2048,adamw,,COMPLETE
28,0.8265178571428571,2026-04-21 12:16:19.550824,2026-04-21 12:16:36.671934,0 days 00:00:17.121110,pre_proj,0.025198875309706298,constant,0.15466034207779122,2048,adamw,,PRUNED
29,0.890969387755102,2026-04-21 12:16:36.815845,2026-04-21 12:16:53.802669,0 days 00:00:16.986824,block_16,0.0854975496780922,cosine_warmup,0.3208708992885715,2048,adamw,14.0,PRUNED
30,0.903545918367347,2026-04-21 12:16:53.945383,2026-04-21 12:17:10.966351,0 days 00:00:17.020968,block_16,0.011747150512159714,constant,0.03226022796802369,1024,adamw,,PRUNED
31,0.9040816326530612,2026-04-21 12:17:11.105807,2026-04-21 12:17:28.130806,0 days 00:00:17.024999,block_16,0.011152615275598651,constant,0.20216318839585887,1024,adamw,,PRUNED
32,0.9042219387755103,2026-04-21 12:17:28.285158,2026-04-21 12:17:45.228513,0 days 00:00:16.943355,block_16,0.02394247525989431,constant,0.1196190016521253,2048,adamw,,PRUNED
33,0.9045535714285714,2026-04-21 12:17:45.349468,2026-04-21 12:18:02.312022,0 days 00:00:16.962554,block_16,0.027000111925064095,constant,0.2125339409316836,2048,adamw,,PRUNED
34,0.8735841836734693,2026-04-21 12:18:02.431175,2026-04-21 12:18:19.444148,0 days 00:00:17.012973,block_20,0.03460852951011742,constant,0.11851016059311792,1024,adamw,,PRUNED
35,0.9009693877551019,2026-04-21 12:18:19.582668,2026-04-21 12:18:36.656692,0 days 00:00:17.074024,block_16,0.02014762731992149,constant,0.32423585865575527,1024,adamw,,PRUNED
36,0.9321045918367347,2026-04-21 12:18:36.809417,2026-04-21 12:19:48.146578,0 days 00:01:11.337161,block_16,0.0552746985008396,constant,0.2159650270913439,1024,adamw,,COMPLETE
37,0.8244642857142858,2026-04-21 12:19:48.311648,2026-04-21 12:20:05.362447,0 days 00:00:17.050799,pre_proj,0.052651101273521725,cosine_warmup,0.08730641531896122,512,adamw,4.0,PRUNED
38,0.8760076530612244,2026-04-21 12:20:05.521993,2026-04-21 12:20:22.518192,0 days 00:00:16.996199,block_20,0.017422470729618486,constant,0.3314200653698516,2048,adamw,,PRUNED
39,0.860420918367347,2026-04-21 12:20:22.662712,2026-04-21 12:20:39.673974,0 days 00:00:17.011262,block_12,0.03880274619060007,constant,0.13529749644205563,2048,adamw,,PRUNED
40,0.8739668367346939,2026-04-21 12:20:39.821107,2026-04-21 12:20:56.877001,0 days 00:00:17.055894,block_20,0.01777203617386044,constant,0.1448044952485192,2048,adamw,,PRUNED
41,0.8135714285714286,2026-04-21 12:20:57.019645,2026-04-21 12:21:14.059930,0 days 00:00:17.040285,pre_proj,0.017146201800951007,constant,0.05824416765730103,512,adamw,,PRUNED
42,0.8649234693877551,2026-04-21 12:21:14.209387,2026-04-21 12:21:31.256770,0 days 00:00:17.047383,block_12,0.038747362051978984,constant,0.38717454109483573,2048,adamw,,PRUNED
43,0.9109311224489796,2026-04-21 12:21:31.407869,2026-04-21 12:21:54.003454,0 days 00:00:22.595585,block_16,0.02406993794405856,constant,0.3939013954758146,2048,adamw,,PRUNED
44,0.7973341836734693,2026-04-21 12:21:54.148369,2026-04-21 12:22:11.107485,0 days 00:00:16.959116,pre_proj,0.005923726102480513,cosine_warmup,0.2503405902711414,1024,adamw,10.0,PRUNED
45,0.8209566326530612,2026-04-21 12:22:11.250854,2026-04-21 12:22:28.221725,0 days 00:00:16.970871,pre_proj,0.010199587046945995,constant,0.3333044828354946,2048,adamw,,PRUNED
46,0.9318239795918367,2026-04-21 12:22:28.358231,2026-04-21 12:23:39.706678,0 days 00:01:11.348447,block_16,0.014126733294617081,constant,0.35216668808738366,2048,adamw,,COMPLETE
47,0.9318877551020408,2026-04-21 12:23:39.826962,2026-04-21 12:24:51.196342,0 days 00:01:11.369380,block_16,0.022414227050385142,constant,0.2194356211498106,2048,adamw,,COMPLETE
48,0.8743494897959184,2026-04-21 12:24:51.326775,2026-04-21 12:25:08.229155,0 days 00:00:16.902380,block_20,0.0195265691555808,cosine_warmup,0.24955261336584184,512,adamw,8.0,PRUNED
49,0.9028826530612245,2026-04-21 12:25:08.373262,2026-04-21 12:25:25.372674,0 days 00:00:16.999412,block_16,0.050043684454059795,constant,0.061606550298267504,512,adamw,,PRUNED
50,0.8183418367346939,2026-04-21 12:25:25.519714,2026-04-21 12:25:42.511111,0 days 00:00:16.991397,pre_proj,0.02583299217989268,constant,0.3003861210878755,2048,adamw,,PRUNED
51,0.8901530612244898,2026-04-21 12:25:42.661538,2026-04-21 12:25:59.545690,0 days 00:00:16.884152,block_12,0.03628151085248595,constant,0.2455706360003795,512,adamw,,PRUNED
52,0.9052295918367348,2026-04-21 12:25:59.686051,2026-04-21 12:26:16.638321,0 days 00:00:16.952270,block_16,0.049191169472941935,constant,0.22072818850163836,1024,adamw,,PRUNED
53,0.8670535714285713,2026-04-21 12:26:16.783404,2026-04-21 12:26:33.725376,0 days 00:00:16.941972,block_12,0.005436058501794371,cosine_warmup,0.08789736652635192,2048,adamw,12.0,PRUNED
54,0.8999362244897959,2026-04-21 12:26:33.867687,2026-04-21 12:26:50.855892,0 days 00:00:16.988205,block_16,0.026717884749236243,cosine_warmup,0.09543951786622351,1024,adamw,7.0,PRUNED
55,0.8723596938775511,2026-04-21 12:26:51.005962,2026-04-21 12:27:07.915355,0 days 00:00:16.909393,block_12,0.05875991523601592,constant,0.2722696785267939,1024,adamw,,PRUNED
56,0.901517857142857,2026-04-21 12:27:08.057726,2026-04-21 12:27:25.026233,0 days 00:00:16.968507,block_16,0.02642044299044356,constant,0.11645942706626933,1024,adamw,,PRUNED
57,0.8654464285714287,2026-04-21 12:27:25.161127,2026-04-21 12:27:42.081087,0 days 00:00:16.919960,block_16,0.09253503104434603,constant,0.3666025094663992,1024,adamw,,PRUNED
58,0.845076530612245,2026-04-21 12:27:42.218558,2026-04-21 12:27:59.200870,0 days 00:00:16.982312,block_16,0.08504500423361326,constant,0.2279067826870928,512,adamw,,PRUNED
59,0.8671556122448979,2026-04-21 12:27:59.357253,2026-04-21 12:28:16.268502,0 days 00:00:16.911249,block_20,0.09964385828501568,cosine_warmup,0.17954224879855074,1024,adamw,11.0,PRUNED
60,0.9156760204081633,2026-04-21 12:28:16.405587,2026-04-21 12:28:41.729902,0 days 00:00:25.324315,block_16,0.014012635897224445,cosine_warmup,0.14425482829781636,2048,adamw,4.0,PRUNED
61,0.9302806122448979,2026-04-21 12:28:41.860492,2026-04-21 12:29:53.103038,0 days 00:01:11.242546,block_16,0.010877265389512298,constant,0.181674215102308,2048,adamw,,COMPLETE
62,0.9036096938775511,2026-04-21 12:29:53.244126,2026-04-21 12:30:10.142940,0 days 00:00:16.898814,block_16,0.06228594624389735,constant,0.29570615430319225,2048,adamw,,PRUNED
63,0.8988647959183673,2026-04-21 12:30:10.287073,2026-04-21 12:30:27.141925,0 days 00:00:16.854852,block_16,0.03290995051960441,constant,0.3768281741049146,512,adamw,,PRUNED
64,0.9035586734693877,2026-04-21 12:30:27.286422,2026-04-21 12:30:44.251419,0 days 00:00:16.964997,block_16,0.044718991992133486,constant,0.10111875126649603,2048,adamw,,PRUNED
65,0.9324744897959184,2026-04-21 12:30:44.387425,2026-04-21 12:31:55.528714,0 days 00:01:11.141289,block_16,0.0367461240716185,constant,0.29779984261076875,2048,adamw,,COMPLETE
66,0.9152423469387755,2026-04-21 12:31:55.660815,2026-04-21 12:32:20.853435,0 days 00:00:25.192620,block_16,0.021049778993349758,constant,0.2937263862292342,2048,adamw,,PRUNED
67,0.8838647959183674,2026-04-21 12:32:20.992314,2026-04-21 12:32:37.870870,0 days 00:00:16.878556,block_20,0.012156163307025092,constant,0.39223983186926575,512,adamw,,PRUNED
68,0.8669132653061224,2026-04-21 12:32:38.022362,2026-04-21 12:32:55.009750,0 days 00:00:16.987388,block_16,0.04598314766177115,constant,0.20048880230767055,2048,adamw,,PRUNED
69,0.8063392857142857,2026-04-21 12:32:55.136187,2026-04-21 12:33:12.132415,0 days 00:00:16.996228,pre_proj,0.0607487426821353,constant,0.1894031259381413,1024,adamw,,PRUNED
70,0.9039795918367347,2026-04-21 12:33:12.253409,2026-04-21 12:33:29.298106,0 days 00:00:17.044697,block_16,0.06783520201890791,constant,0.14221017452558898,1024,adamw,,PRUNED
71,0.9003954081632652,2026-04-21 12:33:29.453960,2026-04-21 12:33:46.408084,0 days 00:00:16.954124,block_16,0.047222573513835936,cosine_warmup,0.25873145299831657,1024,adamw,14.0,PRUNED
72,0.8726275510204081,2026-04-21 12:33:46.546733,2026-04-21 12:34:03.466112,0 days 00:00:16.919379,block_12,0.024944645789301518,cosine_warmup,0.28813504205739854,2048,adamw,8.0,PRUNED
73,0.9068367346938776,2026-04-21 12:34:03.635029,2026-04-21 12:34:20.622023,0 days 00:00:16.986994,block_16,0.03634190332635599,constant,0.3107197899886309,2048,adamw,,PRUNED
74,0.8779464285714285,2026-04-21 12:34:20.774566,2026-04-21 12:34:37.660656,0 days 00:00:16.886090,block_12,0.016455297300004567,constant,0.31488515636786174,2048,adamw,,PRUNED
75,0.8798214285714286,2026-04-21 12:34:37.810112,2026-04-21 12:34:54.685357,0 days 00:00:16.875245,block_12,0.01147169306838702,constant,0.3896591582771528,1024,adamw,,PRUNED
76,0.9059183673469388,2026-04-21 12:34:54.820752,2026-04-21 12:35:11.715489,0 days 00:00:16.894737,block_16,0.025575510457240217,constant,0.29232862512307506,2048,adamw,,PRUNED
77,0.8760204081632653,2026-04-21 12:35:11.851317,2026-04-21 12:35:28.799211,0 days 00:00:16.947894,block_20,0.03506846049439588,constant,0.33720448121114227,1024,adamw,,PRUNED
78,0.8711224489795919,2026-04-21 12:35:28.939856,2026-04-21 12:35:45.899391,0 days 00:00:16.959535,block_20,0.03594961099947146,constant,0.3919479370923653,2048,adamw,,PRUNED
79,0.9047321428571429,2026-04-21 12:35:46.045470,2026-04-21 12:36:03.063555,0 days 00:00:17.018085,block_16,0.026138491884091355,constant,0.15870147694437398,2048,adamw,,PRUNED
80,0.8966198979591836,2026-04-21 12:36:03.221931,2026-04-21 12:36:20.243404,0 days 00:00:17.021473,block_16,0.025001935250717366,cosine_warmup,0.3803724314896792,1024,adamw,6.0,PRUNED
81,0.9068622448979592,2026-04-21 12:36:20.387556,2026-04-21 12:36:37.419387,0 days 00:00:17.031831,block_16,0.03307648963663113,constant,0.34873576213555324,2048,adamw,,PRUNED
82,0.9266964285714285,2026-04-21 12:36:37.573248,2026-04-21 12:37:30.636735,0 days 00:00:53.063487,block_16,0.01715363241413513,constant,0.09107946582696791,2048,adamw,,PRUNED
83,0.9149234693877549,2026-04-21 12:37:30.794889,2026-04-21 12:37:55.988644,0 days 00:00:25.193755,block_16,0.017018917011951816,constant,0.2192293157977165,2048,adamw,,PRUNED
84,0.8152678571428572,2026-04-21 12:37:56.138144,2026-04-21 12:38:12.996990,0 days 00:00:16.858846,pre_proj,0.00518525500187255,constant,0.3772927246442856,512,adamw,,PRUNED
85,0.8958673469387756,2026-04-21 12:38:13.118875,2026-04-21 12:38:30.068360,0 days 00:00:16.949485,block_16,0.03370301885060692,cosine_warmup,0.26047496632384515,512,adamw,11.0,PRUNED
86,0.8701785714285715,2026-04-21 12:38:30.216903,2026-04-21 12:38:47.204858,0 days 00:00:16.987955,block_20,0.047680064261172,cosine_warmup,0.1457730453255128,2048,adamw,9.0,PRUNED
87,0.9044260204081633,2026-04-21 12:38:47.349167,2026-04-21 12:39:04.312691,0 days 00:00:16.963524,block_16,0.03363696712601188,constant,0.26376130792728697,1024,adamw,,PRUNED
88,0.9022704081632653,2026-04-21 12:39:04.457563,2026-04-21 12:39:21.438123,0 days 00:00:16.980560,block_16,0.03651779104971381,cosine_warmup,0.25230132300284386,2048,adamw,12.0,PRUNED
89,0.8871811224489797,2026-04-21 12:39:21.576776,2026-04-21 12:39:38.389228,0 days 00:00:16.812452,block_12,0.005226716500115634,constant,0.11407915527831076,512,adamw,,PRUNED
90,0.9078316326530611,2026-04-21 12:39:38.539950,2026-04-21 12:39:58.238076,0 days 00:00:19.698126,block_16,0.019493770581541062,constant,0.23309991643937758,2048,adamw,,PRUNED
91,0.8770535714285714,2026-04-21 12:39:58.380021,2026-04-21 12:40:15.292665,0 days 00:00:16.912644,block_20,0.05021848973442288,constant,0.1328418822691152,2048,adamw,,PRUNED
92,0.9158290816326531,2026-04-21 12:40:15.438114,2026-04-21 12:40:40.624680,0 days 00:00:25.186566,block_16,0.015457970399684341,constant,0.3133692406268185,2048,adamw,,PRUNED
93,0.9137117346938776,2026-04-21 12:40:40.760663,2026-04-21 12:41:05.899292,0 days 00:00:25.138629,block_16,0.009991144483252844,constant,0.35406139403047776,2048,adamw,,PRUNED
94,0.9070663265306123,2026-04-21 12:41:06.042439,2026-04-21 12:41:23.037449,0 days 00:00:16.995010,block_16,0.01643719522230762,constant,0.3831126354811274,2048,adamw,,PRUNED
95,0.9283035714285715,2026-04-21 12:41:23.186706,2026-04-21 12:42:34.305323,0 days 00:01:11.118617,block_16,0.035035341820319914,constant,0.20718213419319212,512,adamw,,COMPLETE
96,0.8146938775510205,2026-04-21 12:42:34.440922,2026-04-21 12:42:51.334614,0 days 00:00:16.893692,pre_proj,0.024272867081349986,constant,0.27323295468632475,1024,adamw,,PRUNED
97,0.8781122448979592,2026-04-21 12:42:51.490986,2026-04-21 12:43:08.473843,0 days 00:00:16.982857,block_20,0.02108860665700318,cosine_warmup,0.019071802814693756,512,adamw,6.0,PRUNED
98,0.9073086734693877,2026-04-21 12:43:08.620701,2026-04-21 12:43:25.525959,0 days 00:00:16.905258,block_16,0.03186667442585768,constant,0.2738316808492001,2048,adamw,,PRUNED
99,0.8850510204081632,2026-04-21 12:43:25.670420,2026-04-21 12:43:42.544419,0 days 00:00:16.873999,block_12,0.014295619958583363,constant,0.10962436119188879,2048,adamw,,PRUNED
100,0.784655612244898,2026-04-21 12:43:42.694648,2026-04-21 12:43:59.629333,0 days 00:00:16.934685,pre_proj,0.0892819901767275,cosine_warmup,0.07333014538636182,2048,adamw,14.0,PRUNED
101,0.8826530612244897,2026-04-21 12:43:59.770239,2026-04-21 12:44:16.672345,0 days 00:00:16.902106,block_20,0.005533406750304559,constant,0.3534940245299023,2048,adamw,,PRUNED
102,0.92875,2026-04-21 12:44:16.808893,2026-04-21 12:45:28.078201,0 days 00:01:11.269308,block_16,0.009463733975454726,constant,0.15811601819835097,2048,adamw,,COMPLETE
103,0.8136989795918368,2026-04-21 12:45:28.230718,2026-04-21 12:45:45.237685,0 days 00:00:17.006967,pre_proj,0.012992998396221665,cosine_warmup,0.3354168008920359,2048,adamw,4.0,PRUNED
104,0.8661989795918368,2026-04-21 12:45:45.375652,2026-04-21 12:46:02.294550,0 days 00:00:16.918898,block_12,0.09538349067888438,cosine_warmup,0.08707487053120147,512,adamw,9.0,PRUNED
105,0.9049107142857142,2026-04-21 12:46:02.453790,2026-04-21 12:46:19.449594,0 days 00:00:16.995804,block_16,0.011721353754838522,cosine_warmup,0.32095834242923543,2048,adamw,7.0,PRUNED
106,0.9075892857142858,2026-04-21 12:46:19.588729,2026-04-21 12:46:42.148601,0 days 00:00:22.559872,block_16,0.024934976123152677,cosine_warmup,0.37152505336527747,2048,adamw,10.0,PRUNED
107,0.8121301020408163,2026-04-21 12:46:42.297300,2026-04-21 12:46:59.262004,0 days 00:00:16.964704,pre_proj,0.015546653892378783,constant,0.20028240588394175,2048,adamw,,PRUNED
108,0.9058545918367347,2026-04-21 12:46:59.420345,2026-04-21 12:47:16.370356,0 days 00:00:16.950011,block_16,0.03033869128606712,constant,0.1375028892941746,2048,adamw,,PRUNED
109,0.814719387755102,2026-04-21 12:47:16.498831,2026-04-21 12:47:33.461386,0 days 00:00:16.962555,pre_proj,0.03678681081208568,constant,0.048425980584739556,2048,adamw,,PRUNED
110,0.9278188775510204,2026-04-21 12:47:33.618171,2026-04-21 12:48:45.157499,0 days 00:01:11.539328,block_16,0.012465460231999573,constant,0.26313059780713105,512,adamw,,COMPLETE
111,0.8810586734693877,2026-04-21 12:48:45.325434,2026-04-21 12:49:02.313921,0 days 00:00:16.988487,block_16,0.09877516767689133,constant,0.20790809823239303,1024,adamw,,PRUNED
112,0.8770663265306122,2026-04-21 12:49:02.467026,2026-04-21 12:49:19.410049,0 days 00:00:16.943023,block_16,0.008521289348115402,cosine_warmup,0.17397251502031866,512,adamw,12.0,PRUNED
113,0.8767091836734693,2026-04-21 12:49:19.560212,2026-04-21 12:49:36.481543,0 days 00:00:16.921331,block_20,0.038070672290851974,constant,0.15258858034779127,512,adamw,,PRUNED
114,0.868826530612245,2026-04-21 12:49:36.629933,2026-04-21 12:49:53.457096,0 days 00:00:16.827163,block_12,0.010611890367751958,cosine_warmup,0.1892512543145175,1024,adamw,4.0,PRUNED
115,0.8150127551020409,2026-04-21 12:49:53.594583,2026-04-21 12:50:10.555899,0 days 00:00:16.961316,pre_proj,0.0333477174886489,constant,0.15767462522965875,512,adamw,,PRUNED
116,0.8092091836734694,2026-04-21 12:50:10.708853,2026-04-21 12:50:27.671868,0 days 00:00:16.963015,pre_proj,0.04173360637874218,cosine_warmup,0.3950229130717053,512,adamw,8.0,PRUNED
117,0.9078316326530612,2026-04-21 12:50:27.810139,2026-04-21 12:50:44.769808,0 days 00:00:16.959669,block_16,0.02423523644425773,constant,0.17453042901202184,512,adamw,,PRUNED
118,0.9026147959183674,2026-04-21 12:50:44.917693,2026-04-21 12:51:01.819393,0 days 00:00:16.901700,block_16,0.04036420233268856,constant,0.22849695600793063,2048,adamw,,PRUNED
119,0.9071428571428571,2026-04-21 12:51:01.958702,2026-04-21 12:51:18.920786,0 days 00:00:16.962084,block_16,0.010045192233099099,constant,0.08494730980894852,512,adamw,,PRUNED
120,0.8750892857142857,2026-04-21 12:51:19.060739,2026-04-21 12:51:35.993678,0 days 00:00:16.932939,block_20,0.00809717821231181,constant,0.19224218623053796,1024,adamw,,PRUNED
121,0.9279719387755102,2026-04-21 12:51:36.134566,2026-04-21 12:52:29.254363,0 days 00:00:53.119797,block_16,0.012471578472887693,constant,0.2232176824762621,2048,adamw,,PRUNED
122,0.9130739795918367,2026-04-21 12:52:29.391164,2026-04-21 12:52:51.963773,0 days 00:00:22.572609,block_16,0.014622556987361333,constant,0.14460324089221716,2048,adamw,,PRUNED
123,0.9251530612244898,2026-04-21 12:52:52.093626,2026-04-21 12:53:42.326538,0 days 00:00:50.232912,block_16,0.010599975333194272,constant,0.11697538561826543,2048,adamw,,PRUNED
124,0.9290051020408164,2026-04-21 12:53:42.446570,2026-04-21 12:54:53.671041,0 days 00:01:11.224471,block_16,0.007551258489960916,constant,0.17392047035857497,2048,adamw,,COMPLETE
125,0.8823596938775511,2026-04-21 12:54:53.816658,2026-04-21 12:55:10.709373,0 days 00:00:16.892715,block_12,0.027141719460158146,constant,0.18411163722748225,1024,adamw,,PRUNED
126,0.9284693877551021,2026-04-21 12:55:10.829325,2026-04-21 12:56:22.123689,0 days 00:01:11.294364,block_16,0.0075839566074248875,constant,0.215514197401028,2048,adamw,,COMPLETE
127,0.8830229591836736,2026-04-21 12:56:22.283492,2026-04-21 12:56:39.243750,0 days 00:00:16.960258,block_12,0.062434965807201766,constant,0.2872599479321877,2048,adamw,,PRUNED
128,0.9124489795918368,2026-04-21 12:56:39.392816,2026-04-21 12:57:01.914976,0 days 00:00:22.522160,block_16,0.01751484410629339,constant,0.32794726282783593,2048,adamw,,PRUNED
129,0.9004336734693876,2026-04-21 12:57:02.051315,2026-04-21 12:57:19.061053,0 days 00:00:17.009738,block_16,0.03914755952788191,constant,0.369866674232219,2048,adamw,,PRUNED
130,0.883686224489796,2026-04-21 12:57:19.217871,2026-04-21 12:57:36.151465,0 days 00:00:16.933594,block_20,0.007537101858590448,constant,0.18492379129708536,2048,adamw,,PRUNED
131,0.9081505102040817,2026-04-21 12:57:36.287853,2026-04-21 12:57:53.183967,0 days 00:00:16.896114,block_16,0.01761271962269761,constant,0.2056253180451735,1024,adamw,,PRUNED
132,0.9060076530612244,2026-04-21 12:57:53.324850,2026-04-21 12:58:10.261620,0 days 00:00:16.936770,block_16,0.027828777104983264,constant,0.18390677531701224,2048,adamw,,PRUNED
133,0.9199107142857144,2026-04-21 12:58:10.403205,2026-04-21 12:58:44.128691,0 days 00:00:33.725486,block_16,0.005594738489174831,constant,0.19270670132414677,2048,adamw,,PRUNED
134,0.9136989795918368,2026-04-21 12:58:44.280902,2026-04-21 12:59:06.792374,0 days 00:00:22.511472,block_16,0.006246530315272552,constant,0.09986801620763444,2048,adamw,,PRUNED
135,0.9078954081632652,2026-04-21 12:59:06.920762,2026-04-21 12:59:26.771726,0 days 00:00:19.850964,block_16,0.018610565773809224,constant,0.13245331725165133,512,adamw,,PRUNED
136,0.7989540816326532,2026-04-21 12:59:26.917515,2026-04-21 12:59:43.981291,0 days 00:00:17.063776,pre_proj,0.09137541662103596,cosine_warmup,0.2905172870875073,1024,adamw,6.0,PRUNED
137,0.8147704081632653,2026-04-21 12:59:44.134617,2026-04-21 13:00:01.185651,0 days 00:00:17.051034,pre_proj,0.014820442408520004,constant,0.22215764928481338,512,adamw,,PRUNED
138,0.7882142857142856,2026-04-21 13:00:01.326938,2026-04-21 13:00:18.286280,0 days 00:00:16.959342,pre_proj,0.005738325906037633,cosine_warmup,0.010500811590396453,512,adamw,14.0,PRUNED
139,0.9066964285714286,2026-04-21 13:00:18.413284,2026-04-21 13:00:35.442927,0 days 00:00:17.029643,block_16,0.02317299467059865,constant,0.26628597405112214,2048,adamw,,PRUNED
140,0.8057525510204082,2026-04-21 13:00:35.587601,2026-04-21 13:00:52.634803,0 days 00:00:17.047202,pre_proj,0.041365260422253615,constant,0.2549230234315297,2048,adamw,,PRUNED
141,0.9028061224489797,2026-04-21 13:00:52.779539,2026-04-21 13:01:09.704396,0 days 00:00:16.924857,block_16,0.009717508303102591,constant,0.39360944553787114,1024,adamw,,PRUNED
142,0.9127295918367346,2026-04-21 13:01:09.836201,2026-04-21 13:01:32.366935,0 days 00:00:22.530734,block_16,0.008695547320559617,constant,0.32917236245196124,2048,adamw,,PRUNED
143,0.852857142857143,2026-04-21 13:01:32.513929,2026-04-21 13:01:49.437311,0 days 00:00:16.923382,block_20,0.007943808143103463,cosine_warmup,0.33507622457499564,1024,adamw,10.0,PRUNED
144,0.891811224489796,2026-04-21 13:01:49.573480,2026-04-21 13:02:06.530223,0 days 00:00:16.956743,block_12,0.006253884159733954,constant,0.19269238780131714,2048,adamw,,PRUNED
145,0.9281122448979592,2026-04-21 13:02:06.680227,2026-04-21 13:02:59.813422,0 days 00:00:53.133195,block_16,0.009207927860494524,constant,0.17572164661389317,2048,adamw,,PRUNED
146,0.9205484693877551,2026-04-21 13:02:59.959377,2026-04-21 13:03:33.900661,0 days 00:00:33.941284,block_16,0.0066772422394378176,constant,0.36727653359686796,2048,adamw,,PRUNED
147,0.8753443877551021,2026-04-21 13:03:34.039368,2026-04-21 13:03:51.285276,0 days 00:00:17.245908,block_20,0.01543110106069994,cosine_warmup,0.17730888198631595,2048,adamw,12.0,PRUNED
148,0.9082908163265305,2026-04-21 13:03:51.449651,2026-04-21 13:04:09.047384,0 days 00:00:17.597733,block_16,0.01995699432705708,constant,0.258628468780973,512,adamw,,PRUNED
149,0.9054464285714285,2026-04-21 13:04:09.229544,2026-04-21 13:04:26.665961,0 days 00:00:17.436417,block_16,0.025053973181563584,constant,0.313576720812598,2048,adamw,,PRUNED
150,0.8716454081632654,2026-04-21 13:04:26.804769,2026-04-21 13:04:44.283725,0 days 00:00:17.478956,block_20,0.018260634702493,constant,0.2382974667174852,2048,adamw,,PRUNED
151,0.9074234693877552,2026-04-21 13:04:44.427654,2026-04-21 13:05:02.057440,0 days 00:00:17.629786,block_16,0.005238957568485106,constant,0.3021807888477452,1024,adamw,,PRUNED
152,0.929170918367347,2026-04-21 13:05:02.217143,2026-04-21 13:06:16.240267,0 days 00:01:14.023124,block_16,0.009283484480466894,constant,0.20184047315322146,2048,adamw,,COMPLETE
153,0.9305357142857142,2026-04-21 13:06:16.410199,2026-04-21 13:07:30.198046,0 days 00:01:13.787847,block_16,0.011251659538246726,constant,0.17196815822096317,2048,adamw,,COMPLETE
154,0.8112117346938775,2026-04-21 13:07:30.361024,2026-04-21 13:07:47.962765,0 days 00:00:17.601741,pre_proj,0.01666194334383257,cosine_warmup,0.06909475599029027,1024,adamw,8.0,PRUNED
155,0.9288775510204081,2026-04-21 13:07:48.118403,2026-04-21 13:09:02.100136,0 days 00:01:13.981733,block_16,0.010439874876944488,constant,0.16295588370072506,2048,adamw,,COMPLETE
156,0.9280357142857143,2026-04-21 13:09:02.259704,2026-04-21 13:10:16.100970,0 days 00:01:13.841266,block_16,0.010233695874981921,constant,0.23630777818673943,2048,adamw,,COMPLETE
157,0.9082142857142858,2026-04-21 13:10:16.251485,2026-04-21 13:10:36.735845,0 days 00:00:20.484360,block_16,0.018409046870176363,constant,0.2152662582716487,2048,adamw,,PRUNED
158,0.9280484693877551,2026-04-21 13:10:36.870244,2026-04-21 13:11:32.095470,0 days 00:00:55.225226,block_16,0.015090322797434856,constant,0.14044881414312435,2048,adamw,,PRUNED
159,0.9084311224489796,2026-04-21 13:11:32.258387,2026-04-21 13:11:49.940695,0 days 00:00:17.682308,block_16,0.006678923856674935,constant,0.13580747860036438,1024,adamw,,PRUNED
160,0.9241198979591837,2026-04-21 13:11:50.070444,2026-04-21 13:12:42.293027,0 days 00:00:52.222583,block_16,0.0128083052276149,constant,0.16868913605212774,2048,adamw,,PRUNED
161,0.8991071428571429,2026-04-21 13:12:42.442662,2026-04-21 13:13:00.060938,0 days 00:00:17.618276,block_16,0.04092767808648607,constant,0.23704452300583825,1024,adamw,,PRUNED
162,0.9082908163265306,2026-04-21 13:13:00.201195,2026-04-21 13:13:17.708167,0 days 00:00:17.506972,block_16,0.008726043800699263,cosine_warmup,0.12552261637161533,2048,adamw,4.0,PRUNED
163,0.8928698979591836,2026-04-21 13:13:17.841194,2026-04-21 13:13:35.361802,0 days 00:00:17.520608,block_12,0.013195961526340868,constant,0.2241026827551336,512,adamw,,PRUNED
164,0.927142857142857,2026-04-21 13:13:35.515657,2026-04-21 13:14:30.653762,0 days 00:00:55.138105,block_16,0.008217425096896009,constant,0.13254725504167053,2048,adamw,,PRUNED
165,0.9279464285714285,2026-04-21 13:14:30.811388,2026-04-21 13:15:26.106759,0 days 00:00:55.295371,block_16,0.009759384858826022,constant,0.17283659414841293,2048,adamw,,PRUNED
166,0.9082780612244898,2026-04-21 13:15:26.262842,2026-04-21 13:15:43.719827,0 days 00:00:17.456985,block_16,0.005933793448647118,constant,0.15867508359082289,512,adamw,,PRUNED
167,0.9012372448979592,2026-04-21 13:15:43.870108,2026-04-21 13:16:01.425550,0 days 00:00:17.555442,block_16,0.04114355295293427,constant,0.2519636487909559,2048,adamw,,PRUNED
168,0.913609693877551,2026-04-21 13:16:01.588784,2026-04-21 13:16:24.893297,0 days 00:00:23.304513,block_16,0.03112252317115244,constant,0.09919577867398974,2048,adamw,,PRUNED
169,0.917015306122449,2026-04-21 13:16:25.034345,2026-04-21 13:16:51.163247,0 days 00:00:26.128902,block_16,0.011605173546631965,constant,0.20891376739797038,2048,adamw,,PRUNED
170,0.9065433673469389,2026-04-21 13:16:51.303721,2026-04-21 13:17:08.830405,0 days 00:00:17.526684,block_16,0.017822629558900828,constant,0.3590528157937708,2048,adamw,,PRUNED
171,0.8582908163265305,2026-04-21 13:17:08.999347,2026-04-21 13:17:26.546373,0 days 00:00:17.547026,block_20,0.02217078648890429,constant,0.027194580494614817,2048,adamw,,PRUNED
172,0.8250510204081634,2026-04-21 13:17:26.726638,2026-04-21 13:17:44.251821,0 days 00:00:17.525183,pre_proj,0.0054511907806865,constant,0.2961592107780437,2048,adamw,,PRUNED
173,0.8815178571428572,2026-04-21 13:17:44.407245,2026-04-21 13:18:02.017059,0 days 00:00:17.609814,block_12,0.007888276940096264,cosine_warmup,0.32014739858609526,2048,adamw,6.0,PRUNED
174,0.9148724489795919,2026-04-21 13:18:02.166697,2026-04-21 13:18:25.483151,0 days 00:00:23.316454,block_16,0.006705360120432728,constant,0.1980846889188118,2048,adamw,,PRUNED
175,0.9148852040816327,2026-04-21 13:18:25.651366,2026-04-21 13:18:49.031558,0 days 00:00:23.380192,block_16,0.03661714790644517,constant,0.3112752449634761,2048,adamw,,PRUNED
176,0.8808673469387756,2026-04-21 13:18:49.190476,2026-04-21 13:19:06.879293,0 days 00:00:17.688817,block_12,0.022166232268533995,constant,0.2382998466872533,2048,adamw,,PRUNED
177,0.8299744897959185,2026-04-21 13:19:07.042529,2026-04-21 13:19:24.616376,0 days 00:00:17.573847,pre_proj,0.006737137331687172,constant,0.16894945296225963,2048,adamw,,PRUNED
178,0.8230229591836735,2026-04-21 13:19:24.778107,2026-04-21 13:19:42.409792,0 days 00:00:17.631685,pre_proj,0.012155301340878034,constant,0.06785117370505607,2048,adamw,,PRUNED
179,0.8825892857142856,2026-04-21 13:19:42.551885,2026-04-21 13:20:00.089453,0 days 00:00:17.537568,block_12,0.030623532619992837,cosine_warmup,0.004858507785757887,1024,adamw,14.0,PRUNED
180,0.9138010204081632,2026-04-21 13:20:00.241459,2026-04-21 13:20:23.599989,0 days 00:00:23.358530,block_16,0.01432832832466659,constant,0.3419786895971237,2048,adamw,,PRUNED
181,0.930140306122449,2026-04-21 13:20:23.744451,2026-04-21 13:21:37.850127,0 days 00:01:14.105676,block_16,0.010089890027006604,constant,0.28720223662930844,2048,adamw,,COMPLETE
182,0.9144515306122449,2026-04-21 13:21:38.029172,2026-04-21 13:22:04.271590,0 days 00:00:26.242418,block_16,0.013123323115806058,constant,0.30272750044803426,2048,adamw,,PRUNED
183,0.9117857142857143,2026-04-21 13:22:04.427424,2026-04-21 13:22:27.870931,0 days 00:00:23.443507,block_16,0.005948915262859556,constant,0.3125266366288256,2048,adamw,,PRUNED
184,0.9249744897959185,2026-04-21 13:22:28.022228,2026-04-21 13:23:20.041538,0 days 00:00:52.019310,block_16,0.022394208127315643,constant,0.20758850712457866,2048,adamw,,PRUNED
185,0.9014795918367347,2026-04-21 13:23:20.170180,2026-04-21 13:23:37.349160,0 days 00:00:17.178980,block_16,0.010161467365324585,constant,0.3923943665497906,512,adamw,,PRUNED
186,0.9275510204081634,2026-04-21 13:23:37.495512,2026-04-21 13:24:31.837995,0 days 00:00:54.342483,block_16,0.007330926285841714,constant,0.25862119861077953,2048,adamw,,PRUNED
187,0.8986479591836734,2026-04-21 13:24:31.981424,2026-04-21 13:24:49.221069,0 days 00:00:17.239645,block_16,0.005539984474849898,cosine_warmup,0.3931745622266858,2048,adamw,10.0,PRUNED
188,0.8578826530612245,2026-04-21 13:24:49.368172,2026-04-21 13:25:06.501130,0 days 00:00:17.132958,block_12,0.013150498416898193,cosine_warmup,0.045930342867124996,512,adamw,12.0,PRUNED
189,0.9308163265306123,2026-04-21 13:25:06.661775,2026-04-21 13:26:18.976031,0 days 00:01:12.314256,block_16,0.013280403114607936,constant,0.19291781904448696,2048,adamw,,COMPLETE
190,0.924936224489796,2026-04-21 13:26:19.133820,2026-04-21 13:27:09.949569,0 days 00:00:50.815749,block_16,0.01441086438273228,constant,0.17480623167371406,2048,adamw,,PRUNED
191,0.8897704081632654,2026-04-21 13:27:10.097308,2026-04-21 13:27:27.174453,0 days 00:00:17.077145,block_16,0.009950911679119892,cosine_warmup,0.25626153557971637,1024,adamw,9.0,PRUNED
192,0.9218494897959183,2026-04-21 13:27:27.324314,2026-04-21 13:28:01.465066,0 days 00:00:34.140752,block_16,0.010569564171789317,constant,0.21863174717564068,2048,adamw,,PRUNED
193,0.9209438775510204,2026-04-21 13:28:01.602108,2026-04-21 13:28:36.021806,0 days 00:00:34.419698,block_16,0.007377076189415952,constant,0.14118071765735613,2048,adamw,,PRUNED
194,0.9067729591836735,2026-04-21 13:28:36.157767,2026-04-21 13:28:53.453459,0 days 00:00:17.295692,block_16,0.01822443215831182,cosine_warmup,0.21196008790270085,2048,adamw,6.0,PRUNED
195,0.9304846938775511,2026-04-21 13:28:53.602646,2026-04-21 13:30:05.989931,0 days 00:01:12.387285,block_16,0.048695803981176594,constant,0.1378690728022842,1024,adamw,,COMPLETE
196,0.9064795918367347,2026-04-21 13:30:06.117348,2026-04-21 13:30:22.842084,0 days 00:00:16.724736,block_16,0.005744114260969342,cosine_warmup,0.22369457154594632,2048,adamw,4.0,PRUNED
197,0.8847704081632654,2026-04-21 13:30:22.962900,2026-04-21 13:30:40.046320,0 days 00:00:17.083420,block_12,0.014505474221825122,constant,0.39296216184070143,2048,adamw,,PRUNED
198,0.8999744897959183,2026-04-21 13:30:40.208521,2026-04-21 13:30:57.368620,0 days 00:00:17.160099,block_16,0.06109818695199273,constant,0.23132574688215077,1024,adamw,,PRUNED
199,0.9057270408163265,2026-04-21 13:30:57.500682,2026-04-21 13:31:14.750011,0 days 00:00:17.249329,block_16,0.06670855164379674,constant,0.11412029178201369,1024,adamw,,PRUNED
200,0.908188775510204,2026-04-21 13:31:14.885044,2026-04-21 13:31:32.152153,0 days 00:00:17.267109,block_16,0.04237642797572463,constant,0.1048604991037358,1024,adamw,,PRUNED
201,0.9230867346938776,2026-04-21 13:31:32.296663,2026-04-21 13:32:23.484696,0 days 00:00:51.188033,block_16,0.011635371215064336,constant,0.1698803765149423,2048,adamw,,PRUNED
202,0.9049362244897959,2026-04-21 13:32:23.625906,2026-04-21 13:32:40.810024,0 days 00:00:17.184118,block_16,0.03580507414197842,constant,0.1357314550297994,1024,adamw,,PRUNED
203,0.8959183673469387,2026-04-21 13:32:40.955013,2026-04-21 13:32:58.162954,0 days 00:00:17.207941,block_12,0.006317593262325798,constant,0.025376457757208176,2048,adamw,,PRUNED
204,0.8613775510204081,2026-04-21 13:32:58.312007,2026-04-21 13:33:15.505489,0 days 00:00:17.193482,block_20,0.03844476577902637,cosine_warmup,0.3333763047414844,1024,adamw,12.0,PRUNED
205,0.9063647959183673,2026-04-21 13:33:15.646377,2026-04-21 13:33:32.858534,0 days 00:00:17.212157,block_16,0.025856895102035083,constant,0.18567864737683704,512,adamw,,PRUNED
206,0.9288265306122448,2026-04-21 13:33:32.994366,2026-04-21 13:34:45.414773,0 days 00:01:12.420407,block_16,0.017215198249487154,constant,0.08006328306861979,2048,adamw,,COMPLETE
207,0.9142857142857143,2026-04-21 13:34:45.536359,2026-04-21 13:35:08.344876,0 days 00:00:22.808517,block_16,0.016559758145534204,constant,0.06064948680809855,2048,adamw,,PRUNED
208,0.9135331632653061,2026-04-21 13:35:08.489620,2026-04-21 13:35:31.301935,0 days 00:00:22.812315,block_16,0.031765791401609345,constant,0.16905154115581034,2048,adamw,,PRUNED
209,0.8603188775510204,2026-04-21 13:35:31.449478,2026-04-21 13:35:48.767191,0 days 00:00:17.317713,block_20,0.0832461188535971,cosine_warmup,0.02528745595050813,1024,adamw,8.0,PRUNED
210,0.8797193877551021,2026-04-21 13:35:48.899553,2026-04-21 13:36:06.177543,0 days 00:00:17.277990,block_20,0.06064162638142029,constant,0.18010211824995614,1024,adamw,,PRUNED
211,0.8954209183673469,2026-04-21 13:36:06.325564,2026-04-21 13:36:23.675437,0 days 00:00:17.349873,block_16,0.04140809080197751,constant,0.3254009672404865,2048,adamw,,PRUNED
212,0.9294642857142856,2026-04-21 13:36:23.816140,2026-04-21 13:37:36.594276,0 days 00:01:12.778136,block_16,0.010702968269979341,constant,0.13040854020723341,2048,adamw,,COMPLETE
213,0.9097831632653061,2026-04-21 13:37:36.738688,2026-04-21 13:37:53.974247,0 days 00:00:17.235559,block_16,0.01957984734125493,constant,0.08640604429874282,2048,adamw,,PRUNED
214,0.915420918367347,2026-04-21 13:37:54.119276,2026-04-21 13:38:17.229293,0 days 00:00:23.110017,block_16,0.00921925035540054,constant,0.07547033963051189,2048,adamw,,PRUNED
215,0.8169770408163266,2026-04-21 13:38:17.382113,2026-04-21 13:38:34.835301,0 days 00:00:17.453188,pre_proj,0.02022868291995386,constant,0.3668254852356065,2048,adamw,,PRUNED
216,0.9003443877551021,2026-04-21 13:38:34.992978,2026-04-21 13:38:52.331148,0 days 00:00:17.338170,block_16,0.08466715198989003,cosine_warmup,0.1641332456217562,512,adamw,14.0,PRUNED
217,0.9279591836734694,2026-04-21 13:38:52.475464,2026-04-21 13:39:47.130378,0 days 00:00:54.654914,block_16,0.011644387442796417,constant,0.1890391811499138,2048,adamw,,PRUNED
218,0.9090561224489796,2026-04-21 13:39:47.270101,2026-04-21 13:40:04.667142,0 days 00:00:17.397041,block_16,0.02065923026573443,constant,0.26866829952934257,2048,adamw,,PRUNED
219,0.895076530612245,2026-04-21 13:40:04.800231,2026-04-21 13:40:22.107221,0 days 00:00:17.306990,block_16,0.06777564520274879,cosine_warmup,0.17074876699614017,1024,adamw,10.0,PRUNED
220,0.9167219387755103,2026-04-21 13:40:22.248278,2026-04-21 13:40:48.223964,0 days 00:00:25.975686,block_16,0.012274830798801279,constant,0.1327406079262337,2048,adamw,,PRUNED
221,0.7988010204081633,2026-04-21 13:40:48.352853,2026-04-21 13:41:05.849388,0 days 00:00:17.496535,pre_proj,0.007153630777674108,cosine_warmup,0.2586732758507047,512,adamw,7.0,PRUNED
222,0.8839158163265306,2026-04-21 13:41:06.009490,2026-04-21 13:41:23.553051,0 days 00:00:17.543561,block_20,0.008941884743474082,constant,0.051545908009637514,2048,adamw,,PRUNED
223,0.9097448979591837,2026-04-21 13:41:23.707186,2026-04-21 13:41:41.339085,0 days 00:00:17.631899,block_16,0.014375108534639634,constant,0.3896873808836915,2048,adamw,,PRUNED
224,0.9281632653061225,2026-04-21 13:41:41.503572,2026-04-21 13:42:36.403690,0 days 00:00:54.900118,block_16,0.009598605412215914,constant,0.14306075577634356,2048,adamw,,PRUNED
225,0.9135331632653061,2026-04-21 13:42:36.576150,2026-04-21 13:42:59.838262,0 days 00:00:23.262112,block_16,0.009270212061893721,constant,0.3086429119793729,2048,adamw,,PRUNED
226,0.909311224489796,2026-04-21 13:42:59.988033,2026-04-21 13:43:17.517862,0 days 00:00:17.529829,block_16,0.021231923706938584,constant,0.16024467853376903,2048,adamw,,PRUNED
227,0.9125892857142858,2026-04-21 13:43:17.653661,2026-04-21 13:43:44.283704,0 days 00:00:26.630043,block_16,0.018222199301062267,cosine_warmup,0.019781417997597146,2048,adamw,11.0,PRUNED
228,0.9096938775510204,2026-04-21 13:43:44.429807,2026-04-21 13:44:04.563814,0 days 00:00:20.134007,block_16,0.01333274811593519,constant,0.18861627480171644,512,adamw,,PRUNED
229,0.8970790816326532,2026-04-21 13:44:04.722081,2026-04-21 13:44:22.025218,0 days 00:00:17.303137,block_16,0.05571263270616455,constant,0.20026424239444784,1024,adamw,,PRUNED
230,0.9141581632653061,2026-04-21 13:44:22.172667,2026-04-21 13:44:45.182562,0 days 00:00:23.009895,block_16,0.05244622188489729,constant,0.1675031845378225,2048,adamw,,PRUNED
231,0.8706887755102041,2026-04-21 13:44:45.327650,2026-04-21 13:45:02.880387,0 days 00:00:17.552737,block_12,0.09683460492794146,constant,0.17102564595340655,1024,adamw,,PRUNED
232,0.9290561224489795,2026-04-21 13:45:03.014297,2026-04-21 13:46:15.692640,0 days 00:01:12.678343,block_16,0.007738207163798866,constant,0.2223481035682488,2048,adamw,,COMPLETE
233,0.9277295918367346,2026-04-21 13:46:15.815888,2026-04-21 13:47:10.111752,0 days 00:00:54.295864,block_16,0.007556584868022287,constant,0.2236919752934834,2048,adamw,,PRUNED
234,0.9126785714285715,2026-04-21 13:47:10.264076,2026-04-21 13:47:33.304466,0 days 00:00:23.040390,block_16,0.006493296838889218,constant,0.20737288237903392,2048,adamw,,PRUNED
235,0.9064540816326532,2026-04-21 13:47:33.441767,2026-04-21 13:47:50.930928,0 days 00:00:17.489161,block_16,0.028837671740751934,constant,0.2719813613824598,2048,adamw,,PRUNED
236,0.9090943877551021,2026-04-21 13:47:51.067695,2026-04-21 13:48:08.437923,0 days 00:00:17.370228,block_16,0.012421672023092137,constant,0.2462127914369847,2048,adamw,,PRUNED
237,0.876875,2026-04-21 13:48:08.585497,2026-04-21 13:48:26.111700,0 days 00:00:17.526203,block_20,0.08419665868956558,constant,0.2417675470701776,2048,adamw,,PRUNED
238,0.9278061224489796,2026-04-21 13:48:26.258006,2026-04-21 13:49:20.735712,0 days 00:00:54.477706,block_16,0.009174340805874882,constant,0.15063635587039997,2048,adamw,,PRUNED
239,,2026-04-21 13:49:20.878387,2026-04-21 13:49:35.785560,0 days 00:00:14.907173,block_16,0.027927376996409233,constant,0.33864330888686267,2048,adamw,,FAIL
240,0.9071556122448979,2026-04-21 13:51:21.066118,2026-04-21 13:51:38.959423,0 days 00:00:17.893305,block_16,0.02681985563501704,constant,0.3424757852154477,2048,adamw,,PRUNED
241,0.9073214285714285,2026-04-21 13:51:39.092436,2026-04-21 13:51:56.131929,0 days 00:00:17.039493,block_16,0.020701768397092098,constant,0.13062957302648556,2048,adamw,,PRUNED
242,0.9012755102040818,2026-04-21 13:51:56.257286,2026-04-21 13:52:13.294739,0 days 00:00:17.037453,block_16,0.04214393945930944,constant,0.27668407036705633,512,adamw,,PRUNED
243,0.8174107142857142,2026-04-21 13:52:13.444466,2026-04-21 13:52:30.608711,0 days 00:00:17.164245,pre_proj,0.00970000077789471,cosine_warmup,0.21784936892734877,2048,adamw,5.0,PRUNED
244,0.9144642857142857,2026-04-21 13:52:30.772454,2026-04-21 13:52:53.692440,0 days 00:00:22.919986,block_16,0.006774446357832623,constant,0.26250071993688207,2048,adamw,,PRUNED
245,0.9125765306122451,2026-04-21 13:52:53.830738,2026-04-21 13:53:16.926196,0 days 00:00:23.095458,block_16,0.006527096211327973,constant,0.18088706906995078,2048,adamw,,PRUNED
246,0.8797704081632653,2026-04-21 13:53:17.087707,2026-04-21 13:53:34.423756,0 days 00:00:17.336049,block_20,0.013256577595138971,constant,0.37390211047095423,2048,adamw,,PRUNED
247,0.9100892857142856,2026-04-21 13:53:34.554932,2026-04-21 13:53:51.898474,0 days 00:00:17.343542,block_16,0.012651746537018102,constant,0.2076326431726681,2048,adamw,,PRUNED
248,0.9250382653061224,2026-04-21 13:53:52.056573,2026-04-21 13:54:32.804815,0 days 00:00:40.748242,block_16,0.008574951106055068,constant,0.18592653932120723,2048,adamw,,PRUNED
249,0.7850765306122449,2026-04-21 13:54:32.980054,2026-04-21 13:54:50.668983,0 days 00:00:17.688929,pre_proj,0.06280672241254637,constant,0.32727646881233674,1024,adamw,,PRUNED
250,0.9132908163265305,2026-04-21 13:54:50.823651,2026-04-21 13:55:14.280407,0 days 00:00:23.456756,block_16,0.005368695938412084,constant,0.3252786032189476,2048,adamw,,PRUNED
251,0.9148086734693878,2026-04-21 13:55:14.428631,2026-04-21 13:55:40.440674,0 days 00:00:26.012043,block_16,0.013316841463937698,constant,0.26065583265154496,2048,adamw,,PRUNED
252,0.9258163265306123,2026-04-21 13:55:40.604035,2026-04-21 13:56:33.162688,0 days 00:00:52.558653,block_16,0.010992478909476402,constant,0.009082762274298856,2048,adamw,,PRUNED
253,0.9072831632653061,2026-04-21 13:56:33.319095,2026-04-21 13:56:51.066324,0 days 00:00:17.747229,block_16,0.014925218652129915,constant,0.1319756667531779,1024,adamw,,PRUNED
254,0.9146938775510204,2026-04-21 13:56:51.230592,2026-04-21 13:57:14.581549,0 days 00:00:23.350957,block_16,0.009274868467552792,constant,0.23202417464843034,2048,adamw,,PRUNED
255,0.856313775510204,2026-04-21 13:57:14.739027,2026-04-21 13:57:32.304831,0 days 00:00:17.565804,block_12,0.014304873495684434,cosine_warmup,0.2720267111609455,512,adamw,14.0,PRUNED
256,0.8638775510204083,2026-04-21 13:57:32.460696,2026-04-21 13:57:49.851956,0 days 00:00:17.391260,block_12,0.06913703912258826,cosine_warmup,0.33057391974389205,2048,adamw,8.0,PRUNED
257,0.926390306122449,2026-04-21 13:57:50.004902,2026-04-21 13:58:42.143650,0 days 00:00:52.138748,block_16,0.036475932162862164,constant,0.007744315463971696,2048,adamw,,PRUNED
258,0.9016326530612245,2026-04-21 13:58:42.306465,2026-04-21 13:58:59.867855,0 days 00:00:17.561390,block_16,0.0193418764818114,cosine_warmup,0.08578345776555657,512,adamw,12.0,PRUNED
259,0.8850255102040817,2026-04-21 13:59:00.020315,2026-04-21 13:59:17.389044,0 days 00:00:17.368729,block_16,0.0056805949068695644,cosine_warmup,0.13576019374054898,1024,adamw,6.0,PRUNED
260,0.9246811224489796,2026-04-21 13:59:17.536044,2026-04-21 13:59:57.767631,0 days 00:00:40.231587,block_16,0.01072966766714036,constant,0.14213697136225978,2048,adamw,,PRUNED
261,0.9068112244897959,2026-04-21 13:59:57.907221,2026-04-21 14:00:15.399718,0 days 00:00:17.492497,block_16,0.023476231288269308,constant,0.23378477522674804,2048,adamw,,PRUNED
262,0.926281887755102,2026-04-21 14:00:15.554109,2026-04-21 14:01:07.269209,0 days 00:00:51.715100,block_16,0.016559387774095814,constant,0.15131367787362682,2048,adamw,,PRUNED
263,0.8846938775510204,2026-04-21 14:01:07.437705,2026-04-21 14:01:24.940303,0 days 00:00:17.502598,block_20,0.005344019896696669,constant,0.25614655606706416,2048,adamw,,PRUNED
264,0.8011543367346938,2026-04-21 14:01:25.088792,2026-04-21 14:01:42.621766,0 days 00:00:17.532974,pre_proj,0.03896201285495784,cosine_warmup,0.18430204170522693,1024,adamw,10.0,PRUNED
265,0.8725382653061224,2026-04-21 14:01:42.794583,2026-04-21 14:02:00.096370,0 days 00:00:17.301787,block_20,0.006389805607944181,constant,0.18503784434508658,512,adamw,,PRUNED
266,0.8848979591836735,2026-04-21 14:02:00.233490,2026-04-21 14:02:17.530378,0 days 00:00:17.296888,block_12,0.005018145151997657,constant,0.14476648746197543,1024,adamw,,PRUNED
267,0.9299744897959183,2026-04-21 14:02:17.695054,2026-04-21 14:03:30.811163,0 days 00:01:13.116109,block_16,0.010021071766811464,constant,0.307686779390853,2048,adamw,,COMPLETE
268,0.8770535714285714,2026-04-21 14:03:30.964457,2026-04-21 14:03:48.334538,0 days 00:00:17.370081,block_20,0.04338719252243745,constant,0.31648441884477674,512,adamw,,PRUNED
269,0.9146428571428572,2026-04-21 14:03:48.489253,2026-04-21 14:04:11.557421,0 days 00:00:23.068168,block_16,0.009641374036589778,constant,0.3653544328464298,2048,adamw,,PRUNED
270,0.9028826530612245,2026-04-21 14:04:11.713656,2026-04-21 14:04:29.048114,0 days 00:00:17.334458,block_16,0.05090313340868927,constant,0.1499863626501924,512,adamw,,PRUNED
271,0.9154464285714285,2026-04-21 14:04:29.194790,2026-04-21 14:04:52.310538,0 days 00:00:23.115748,block_16,0.009562362612805774,constant,0.33025535643939674,2048,adamw,,PRUNED
272,0.9075637755102041,2026-04-21 14:04:52.459048,2026-04-21 14:05:09.950430,0 days 00:00:17.491382,block_16,0.018676276843267996,constant,0.3212968221683967,2048,adamw,,PRUNED
273,0.8918494897959183,2026-04-21 14:05:10.106222,2026-04-21 14:05:27.772220,0 days 00:00:17.665998,block_12,0.006398093743722145,constant,0.32246303458880443,2048,adamw,,PRUNED
274,0.9095918367346938,2026-04-21 14:05:27.935519,2026-04-21 14:05:45.545648,0 days 00:00:17.610129,block_16,0.034304097968783476,constant,0.1834709181246587,1024,adamw,,PRUNED
275,0.914859693877551,2026-04-21 14:05:45.708416,2026-04-21 14:06:09.101022,0 days 00:00:23.392606,block_16,0.05165897560319469,constant,0.2795395401731925,2048,adamw,,PRUNED
276,0.9178188775510204,2026-04-21 14:06:09.260643,2026-04-21 14:06:35.455115,0 days 00:00:26.194472,block_16,0.012033236826535468,constant,0.31143883982902,2048,adamw,,PRUNED
277,0.8923469387755102,2026-04-21 14:06:35.613999,2026-04-21 14:06:53.276479,0 days 00:00:17.662480,block_16,0.03449858171640737,constant,0.33025117224901857,1024,adamw,,PRUNED
278,0.8204209183673469,2026-04-21 14:06:53.434673,2026-04-21 14:07:11.091590,0 days 00:00:17.656917,pre_proj,0.01131460239265015,constant,0.2376964948076734,2048,adamw,,PRUNED
279,0.6916964285714285,2026-04-21 14:07:11.251812,2026-04-21 14:07:28.914064,0 days 00:00:17.662252,pre_proj,0.07011766659652989,constant,0.23577789240243857,512,adamw,,PRUNED
280,0.8976913265306122,2026-04-21 14:07:29.093270,2026-04-21 14:07:46.699141,0 days 00:00:17.605871,block_16,0.023910117986143183,constant,0.01647929081295725,1024,adamw,,PRUNED
281,0.914438775510204,2026-04-21 14:07:46.861589,2026-04-21 14:08:10.315945,0 days 00:00:23.454356,block_16,0.014164812974000383,constant,0.09560317249296976,2048,adamw,,PRUNED
282,0.7737499999999999,2026-04-21 14:08:10.479712,2026-04-21 14:08:28.180701,0 days 00:00:17.700989,pre_proj,0.09897951598483275,cosine_warmup,0.3678413241630412,2048,adamw,4.0,PRUNED
283,0.8873852040816326,2026-04-21 14:08:28.330684,2026-04-21 14:08:45.863548,0 days 00:00:17.532864,block_12,0.011599075316202839,constant,0.14300720836794467,2048,adamw,,PRUNED
284,0.8849872448979591,2026-04-21 14:08:46.009319,2026-04-21 14:09:03.584592,0 days 00:00:17.575273,block_16,0.038389461153446505,constant,0.1161734655100516,2048,adamw,,PRUNED
285,0.9049489795918366,2026-04-21 14:09:03.734476,2026-04-21 14:09:21.166287,0 days 00:00:17.431811,block_16,0.02653668434842886,constant,0.23481902029805438,2048,adamw,,PRUNED
286,0.8595918367346939,2026-04-21 14:09:21.294447,2026-04-21 14:09:38.894983,0 days 00:00:17.600536,block_12,0.03607011243379356,constant,0.04252031598138696,2048,adamw,,PRUNED
287,0.9043877551020408,2026-04-21 14:09:39.043994,2026-04-21 14:09:56.550827,0 days 00:00:17.506833,block_16,0.02483566134003837,constant,0.3670440145240444,2048,adamw,,PRUNED
288,0.9223469387755102,2026-04-21 14:09:56.705907,2026-04-21 14:10:31.370488,0 days 00:00:34.664581,block_16,0.010412667805452176,constant,0.1561686954559603,2048,adamw,,PRUNED
289,0.9147576530612245,2026-04-21 14:10:31.505000,2026-04-21 14:10:55.016693,0 days 00:00:23.511693,block_16,0.016624782419722844,constant,0.20755851008702078,2048,adamw,,PRUNED
290,0.9149107142857142,2026-04-21 14:10:55.172175,2026-04-21 14:11:21.499012,0 days 00:00:26.326837,block_16,0.012625931554098267,constant,0.26333684593998663,2048,adamw,,PRUNED
291,0.9135841836734694,2026-04-21 14:11:21.648698,2026-04-21 14:11:44.870046,0 days 00:00:23.221348,block_16,0.006389358522764328,constant,0.12346817033682593,2048,adamw,,PRUNED
292,0.817155612244898,2026-04-21 14:11:45.023081,2026-04-21 14:12:02.568790,0 days 00:00:17.545709,pre_proj,0.012075076079384399,constant,0.15477382810962328,1024,adamw,,PRUNED
293,0.8661224489795918,2026-04-21 14:12:02.731471,2026-04-21 14:12:20.240371,0 days 00:00:17.508900,block_12,0.021179396745637777,constant,0.3421838523651981,512,adamw,,PRUNED
294,0.9010841836734694,2026-04-21 14:12:20.385312,2026-04-21 14:12:37.824565,0 days 00:00:17.439253,block_16,0.012736678243281913,cosine_warmup,0.31559925645716774,512,adamw,8.0,PRUNED
295,0.9067091836734694,2026-04-21 14:12:37.981191,2026-04-21 14:12:55.384121,0 days 00:00:17.402930,block_16,0.03782779228986437,constant,0.31030527236740607,2048,adamw,,PRUNED
296,0.8515688775510204,2026-04-21 14:12:55.529799,2026-04-21 14:13:13.038286,0 days 00:00:17.508487,block_20,0.006198697906157388,cosine_warmup,0.1109535808310224,1024,adamw,12.0,PRUNED
297,0.9069005102040817,2026-04-21 14:13:13.198401,2026-04-21 14:13:30.561012,0 days 00:00:17.362611,block_16,0.022568610348083128,constant,0.13725937882388428,512,adamw,,PRUNED
298,0.9159693877551021,2026-04-21 14:13:30.700711,2026-04-21 14:13:56.711421,0 days 00:00:26.010710,block_16,0.011029163675935491,constant,0.19672781149764443,2048,adamw,,PRUNED
299,0.8607397959183674,2026-04-21 14:13:56.841030,2026-04-21 14:14:14.286137,0 days 00:00:17.445107,block_20,0.015913218963002844,cosine_warmup,0.2064259164126257,1024,adamw,6.0,PRUNED
300,0.8,2026-04-21 14:14:14.435632,2026-04-21 14:14:31.940245,0 days 00:00:17.504613,pre_proj,0.022118919073849375,cosine_warmup,0.2723389050953493,512,adamw,10.0,PRUNED
301,0.908533163265306,2026-04-21 14:14:32.083324,2026-04-21 14:14:49.541356,0 days 00:00:17.458032,block_16,0.06228593218070488,constant,0.17172271845475562,1024,adamw,,PRUNED
302,0.9054591836734693,2026-04-21 14:14:49.682514,2026-04-21 14:15:07.171781,0 days 00:00:17.489267,block_16,0.02580663415688585,constant,0.1710550311600294,2048,adamw,,PRUNED
303,0.9056760204081633,2026-04-21 14:15:07.326456,2026-04-21 14:15:24.786488,0 days 00:00:17.460032,block_16,0.008992923306702129,constant,0.2954451775246233,512,adamw,,PRUNED
304,0.8094515306122451,2026-04-21 14:15:24.938493,2026-04-21 14:15:42.459637,0 days 00:00:17.521144,pre_proj,0.03672854812714742,constant,0.1583913958178663,2048,adamw,,PRUNED
305,0.9278571428571429,2026-04-21 14:15:42.620726,2026-04-21 14:16:37.120144,0 days 00:00:54.499418,block_16,0.007472222847234448,constant,0.25757449469314836,2048,adamw,,PRUNED
306,0.9134566326530612,2026-04-21 14:16:37.274325,2026-04-21 14:17:00.379069,0 days 00:00:23.104744,block_16,0.015276241424800439,constant,0.3078915324122793,2048,adamw,,PRUNED
307,0.8723724489795918,2026-04-21 14:17:00.535508,2026-04-21 14:17:17.899841,0 days 00:00:17.364333,block_20,0.022083310279866226,constant,0.22079701107756577,512,adamw,,PRUNED
308,0.9142474489795918,2026-04-21 14:17:18.058735,2026-04-21 14:17:41.152343,0 days 00:00:23.093608,block_16,0.013078266100231458,constant,0.16955626375584598,2048,adamw,,PRUNED
309,0.9265943877551021,2026-04-21 14:17:41.294903,2026-04-21 14:18:32.897675,0 days 00:00:51.602772,block_16,0.0121413609361713,constant,0.09806588220652969,2048,adamw,,PRUNED
310,0.878545918367347,2026-04-21 14:18:33.065229,2026-04-21 14:18:50.478875,0 days 00:00:17.413646,block_20,0.0173928585811258,constant,0.14765662714719885,2048,adamw,,PRUNED
311,0.8754464285714285,2026-04-21 14:18:50.621814,2026-04-21 14:19:07.895951,0 days 00:00:17.274137,block_20,0.03885243594602589,cosine_warmup,0.29842637493147994,2048,adamw,13.0,PRUNED
312,0.8715816326530613,2026-04-21 14:19:08.040462,2026-04-21 14:19:25.397024,0 days 00:00:17.356562,block_20,0.041437619171887353,cosine_warmup,0.21242158850643922,512,adamw,4.0,PRUNED
313,0.8185586734693877,2026-04-21 14:19:25.548337,2026-04-21 14:19:42.957447,0 days 00:00:17.409110,pre_proj,0.023027288704348524,cosine_warmup,0.11278797549956746,2048,adamw,8.0,PRUNED
314,0.9137882653061224,2026-04-21 14:19:43.104460,2026-04-21 14:20:06.160293,0 days 00:00:23.055833,block_16,0.011352344690941416,constant,0.35780958273697594,2048,adamw,,PRUNED
315,0.9152806122448979,2026-04-21 14:20:06.316321,2026-04-21 14:20:29.445739,0 days 00:00:23.129418,block_16,0.007893482417156093,constant,0.30906461922883527,2048,adamw,,PRUNED
316,0.905982142857143,2026-04-21 14:20:29.601486,2026-04-21 14:20:46.949854,0 days 00:00:17.348368,block_16,0.039451595673133395,constant,0.20071207780167125,2048,adamw,,PRUNED
317,0.8348214285714285,2026-04-21 14:20:47.099316,2026-04-21 14:21:04.487544,0 days 00:00:17.388228,block_12,0.0958400351589818,constant,0.1371465348769203,2048,adamw,,PRUNED
318,0.9110714285714285,2026-04-21 14:21:04.646949,2026-04-21 14:21:24.875610,0 days 00:00:20.228661,block_16,0.019671379709968576,constant,0.045317962157308024,2048,adamw,,PRUNED
319,0.8674999999999999,2026-04-21 14:21:25.040794,2026-04-21 14:21:42.509687,0 days 00:00:17.468893,block_20,0.039839468904485136,constant,0.2862619104158947,2048,adamw,,PRUNED
320,0.9154464285714285,2026-04-21 14:21:42.666876,2026-04-21 14:22:05.718590,0 days 00:00:23.051714,block_16,0.00515979525245851,constant,0.17472039828332916,2048,adamw,,PRUNED
321,0.9220025510204082,2026-04-21 14:22:05.856994,2026-04-21 14:22:40.452527,0 days 00:00:34.595533,block_16,0.01074354084548722,constant,0.19326707805208473,2048,adamw,,PRUNED
322,0.9056505102040817,2026-04-21 14:22:40.625046,2026-04-21 14:22:58.086180,0 days 00:00:17.461134,block_16,0.019930256107275557,constant,0.1864641083257923,512,adamw,,PRUNED
323,0.9007525510204082,2026-04-21 14:22:58.245407,2026-04-21 14:23:15.764248,0 days 00:00:17.518841,block_16,0.05622735363951521,constant,0.28587127803033974,1024,adamw,,PRUNED
324,0.9159183673469389,2026-04-21 14:23:15.907692,2026-04-21 14:23:41.979093,0 days 00:00:26.071401,block_16,0.029636247870734947,constant,0.3043428607609702,2048,adamw,,PRUNED
325,0.9137117346938776,2026-04-21 14:23:42.133766,2026-04-21 14:24:05.263047,0 days 00:00:23.129281,block_16,0.022110494737798084,cosine_warmup,0.12993749855874576,2048,adamw,14.0,PRUNED
326,0.8763392857142858,2026-04-21 14:24:05.388029,2026-04-21 14:24:22.890933,0 days 00:00:17.502904,block_20,0.02265691167194517,constant,0.04634812888840617,512,adamw,,PRUNED
327,0.9032142857142856,2026-04-21 14:24:23.043859,2026-04-21 14:24:40.572273,0 days 00:00:17.528414,block_16,0.010276276920782002,cosine_warmup,0.25142436556452435,2048,adamw,11.0,PRUNED
328,0.9018877551020409,2026-04-21 14:24:40.709796,2026-04-21 14:24:58.201155,0 days 00:00:17.491359,block_16,0.012142737579418092,constant,0.23661455394352307,1024,adamw,,PRUNED
329,0.9083673469387755,2026-04-21 14:24:58.368961,2026-04-21 14:25:15.855707,0 days 00:00:17.486746,block_16,0.018578102399085656,constant,0.39846907845355833,2048,adamw,,PRUNED
330,0.9265688775510205,2026-04-21 14:25:15.984307,2026-04-21 14:26:07.986272,0 days 00:00:52.001965,block_16,0.010273602328910874,constant,0.13474543583838006,2048,adamw,,PRUNED
331,0.9321173469387755,2026-04-21 14:26:08.133708,2026-04-21 14:27:21.559103,0 days 00:01:13.425395,block_16,0.01589407745099209,constant,0.23666444136026313,2048,adamw,,COMPLETE
332,0.9178698979591837,2026-04-21 14:27:21.692621,2026-04-21 14:27:47.752001,0 days 00:00:26.059380,block_16,0.021081105089049007,constant,0.284347616150378,2048,adamw,,PRUNED
333,0.914655612244898,2026-04-21 14:27:47.894632,2026-04-21 14:28:11.093935,0 days 00:00:23.199303,block_16,0.017389386072634537,constant,0.2425687520154756,2048,adamw,,PRUNED
334,0.8676658163265306,2026-04-21 14:28:11.257139,2026-04-21 14:28:28.643046,0 days 00:00:17.385907,block_12,0.08544037583950792,cosine_warmup,0.14170332285236673,2048,adamw,6.0,PRUNED
335,0.9075,2026-04-21 14:28:28.767512,2026-04-21 14:28:46.093437,0 days 00:00:17.325925,block_16,0.020251519316740397,constant,0.21985800391129276,2048,adamw,,PRUNED
336,0.8994897959183674,2026-04-21 14:28:46.231994,2026-04-21 14:29:03.577911,0 days 00:00:17.345917,block_16,0.07281740795453016,constant,0.027375484209074513,1024,adamw,,PRUNED
337,0.8715561224489795,2026-04-21 14:29:03.733848,2026-04-21 14:29:21.155085,0 days 00:00:17.421237,block_12,0.03151318388150874,constant,0.17108707634678327,512,adamw,,PRUNED
338,0.8167474489795918,2026-04-21 14:29:21.298824,2026-04-21 14:29:38.732214,0 days 00:00:17.433390,pre_proj,0.014867885311309502,constant,0.13256783035537237,2048,adamw,,PRUNED
339,0.9063647959183675,2026-04-21 14:29:38.893048,2026-04-21 14:29:56.230508,0 days 00:00:17.337460,block_16,0.02362732881306618,constant,0.12941320917183063,2048,adamw,,PRUNED
340,0.9039158163265306,2026-04-21 14:29:56.385497,2026-04-21 14:30:13.609532,0 days 00:00:17.224035,block_16,0.06805848781514923,constant,0.33366726302439026,2048,adamw,,PRUNED
341,0.9160331632653063,2026-04-21 14:30:13.734489,2026-04-21 14:30:39.465363,0 days 00:00:25.730874,block_16,0.01156554116016283,constant,0.22289772368582852,2048,adamw,,PRUNED
342,0.9099999999999999,2026-04-21 14:30:39.590294,2026-04-21 14:30:56.892994,0 days 00:00:17.302700,block_16,0.05235462391791133,constant,0.15370206741910522,1024,adamw,,PRUNED
343,0.9140688775510204,2026-04-21 14:30:57.030774,2026-04-21 14:31:20.036830,0 days 00:00:23.006056,block_16,0.009148048174521332,constant,0.20406595412030162,2048,adamw,,PRUNED
344,0.9161607142857142,2026-04-21 14:31:20.172844,2026-04-21 14:31:45.904286,0 days 00:00:25.731442,block_16,0.013697528280042125,constant,0.18256086643697123,2048,adamw,,PRUNED
345,0.9063137755102041,2026-04-21 14:31:46.065840,2026-04-21 14:32:03.268442,0 days 00:00:17.202602,block_16,0.020587488756141956,constant,0.3421686331449915,512,adamw,,PRUNED
346,0.8013265306122449,2026-04-21 14:32:03.421901,2026-04-21 14:32:20.695457,0 days 00:00:17.273556,pre_proj,0.00819786684239459,cosine_warmup,0.38936654998195747,1024,adamw,8.0,PRUNED
347,0.9265178571428572,2026-04-21 14:32:20.831502,2026-04-21 14:33:12.278420,0 days 00:00:51.446918,block_16,0.014819021239219769,constant,0.25313295375581363,2048,adamw,,PRUNED
348,0.8538010204081632,2026-04-21 14:33:12.424909,2026-04-21 14:33:29.807359,0 days 00:00:17.382450,block_12,0.038723550567930295,constant,0.29420952480924634,2048,adamw,,PRUNED
349,0.9274617346938775,2026-04-21 14:33:29.952131,2026-04-21 14:34:23.865147,0 days 00:00:53.913016,block_16,0.00823661255902567,constant,0.11277046872537325,2048,adamw,,PRUNED
350,0.9082525510204082,2026-04-21 14:34:24.025998,2026-04-21 14:34:41.362721,0 days 00:00:17.336723,block_16,0.017394977909278547,constant,0.3562087932206373,1024,adamw,,PRUNED
351,0.8851658163265306,2026-04-21 14:34:41.522076,2026-04-21 14:34:59.032781,0 days 00:00:17.510705,block_16,0.05473304954216101,cosine_warmup,0.37393947891264323,2048,adamw,10.0,PRUNED
352,0.9106122448979592,2026-04-21 14:34:59.173074,2026-04-21 14:35:19.373276,0 days 00:00:20.200202,block_16,0.03499577897308637,constant,0.23986113422706784,2048,adamw,,PRUNED
353,0.8785969387755102,2026-04-21 14:35:19.532160,2026-04-21 14:35:36.907750,0 days 00:00:17.375590,block_12,0.0264282467922108,constant,0.1563842411284359,2048,adamw,,PRUNED
354,0.9099617346938775,2026-04-21 14:35:37.049313,2026-04-21 14:35:54.404831,0 days 00:00:17.355518,block_16,0.02103716239761788,constant,0.13764495236194055,2048,adamw,,PRUNED
355,0.9168239795918367,2026-04-21 14:35:54.561953,2026-04-21 14:36:20.450480,0 days 00:00:25.888527,block_16,0.010373996740709577,constant,0.17050049863614328,2048,adamw,,PRUNED
356,0.8901913265306123,2026-04-21 14:36:20.618354,2026-04-21 14:36:38.093861,0 days 00:00:17.475507,block_16,0.021980843432999667,cosine_warmup,0.2064792286579815,512,adamw,4.0,PRUNED
357,0.9087244897959184,2026-04-21 14:36:38.219932,2026-04-21 14:36:55.784560,0 days 00:00:17.564628,block_16,0.02294587357970611,constant,0.32779366320886505,2048,adamw,,PRUNED
358,0.9027933673469388,2026-04-21 14:36:55.914658,2026-04-21 14:37:13.239596,0 days 00:00:17.324938,block_16,0.021104638311848296,cosine_warmup,0.2948631774490316,2048,adamw,14.0,PRUNED
359,0.8957780612244898,2026-04-21 14:37:13.397823,2026-04-21 14:37:30.889849,0 days 00:00:17.492026,block_16,0.0064598179561683716,cosine_warmup,0.020104790481753315,512,adamw,7.0,PRUNED
360,0.877563775510204,2026-04-21 14:37:31.062755,2026-04-21 14:37:48.667727,0 days 00:00:17.604972,block_12,0.013634697415478151,constant,0.09665898496534439,1024,adamw,,PRUNED
361,0.918329081632653,2026-04-21 14:37:48.828394,2026-04-21 14:38:14.633240,0 days 00:00:25.804846,block_16,0.010415817267817156,constant,0.30180728234466325,2048,adamw,,PRUNED
362,0.7951530612244898,2026-04-21 14:38:14.794850,2026-04-21 14:38:32.158967,0 days 00:00:17.364117,pre_proj,0.005168565352875454,cosine_warmup,0.07053975953974964,1024,adamw,12.0,PRUNED
363,0.9141198979591837,2026-04-21 14:38:32.297870,2026-04-21 14:38:55.327768,0 days 00:00:23.029898,block_16,0.008831141981381973,constant,0.1656859032689706,2048,adamw,,PRUNED
364,0.9061607142857143,2026-04-21 14:38:55.464945,2026-04-21 14:39:12.816284,0 days 00:00:17.351339,block_16,0.03424560647888612,constant,0.20993902939976083,512,adamw,,PRUNED
365,0.9076913265306122,2026-04-21 14:39:12.949842,2026-04-21 14:39:30.313009,0 days 00:00:17.363167,block_16,0.021120189273297754,constant,0.19952412018302232,2048,adamw,,PRUNED
366,0.9075892857142858,2026-04-21 14:39:30.451885,2026-04-21 14:39:47.850074,0 days 00:00:17.398189,block_16,0.01717603563598178,constant,0.3171969128113143,2048,adamw,,PRUNED
367,0.9138647959183673,2026-04-21 14:39:48.011521,2026-04-21 14:40:11.176360,0 days 00:00:23.164839,block_16,0.008590442159156214,constant,0.18472308814175403,2048,adamw,,PRUNED
368,0.8836096938775511,2026-04-21 14:40:11.338413,2026-04-21 14:40:28.688451,0 days 00:00:17.350038,block_12,0.010638505082667641,constant,0.23887634155081697,1024,adamw,,PRUNED
369,0.9070153061224491,2026-04-21 14:40:28.826882,2026-04-21 14:40:46.262659,0 days 00:00:17.435777,block_16,0.02853375243548819,constant,0.31279535895572186,2048,adamw,,PRUNED
370,0.8814158163265307,2026-04-21 14:40:46.417465,2026-04-21 14:41:03.777531,0 days 00:00:17.360066,block_20,0.010982648257687985,constant,0.2813837669827138,2048,adamw,,PRUNED
371,0.881517857142857,2026-04-21 14:41:03.921536,2026-04-21 14:41:21.317685,0 days 00:00:17.396149,block_20,0.011320421692547107,constant,0.1943191098584877,2048,adamw,,PRUNED
372,0.9123469387755103,2026-04-21 14:41:21.471761,2026-04-21 14:41:44.477649,0 days 00:00:23.005888,block_16,0.009582188014762974,constant,0.2698901931537204,2048,adamw,,PRUNED
373,0.8955994897959183,2026-04-21 14:41:44.619197,2026-04-21 14:42:02.100917,0 days 00:00:17.481720,block_16,0.011030910914581757,cosine_warmup,0.027143521210889504,1024,adamw,9.0,PRUNED
374,0.8217219387755103,2026-04-21 14:42:02.234751,2026-04-21 14:42:19.651194,0 days 00:00:17.416443,pre_proj,0.005585344786734271,constant,0.06771798851847188,2048,adamw,,PRUNED
375,0.9185841836734694,2026-04-21 14:42:19.814668,2026-04-21 14:42:45.698674,0 days 00:00:25.884006,block_16,0.016793633826949563,constant,0.11301632307795138,2048,adamw,,PRUNED
376,0.9054591836734693,2026-04-21 14:42:45.851800,2026-04-21 14:43:03.151940,0 days 00:00:17.300140,block_16,0.03496862851038983,constant,0.15184113955067263,1024,adamw,,PRUNED
377,0.9258545918367347,2026-04-21 14:43:03.285790,2026-04-21 14:43:54.965614,0 days 00:00:51.679824,block_16,0.01641604592430216,constant,0.18350081386064554,2048,adamw,,PRUNED
378,0.8603316326530613,2026-04-21 14:43:55.107263,2026-04-21 14:44:12.500102,0 days 00:00:17.392839,block_20,0.008371202333739343,cosine_warmup,0.29415165995847325,512,adamw,6.0,PRUNED
379,0.889298469387755,2026-04-21 14:44:12.644668,2026-04-21 14:44:29.983970,0 days 00:00:17.339302,block_12,0.011537492668485003,constant,0.2163983411170603,2048,adamw,,PRUNED
380,0.811875,2026-04-21 14:44:30.139942,2026-04-21 14:44:47.541428,0 days 00:00:17.401486,pre_proj,0.0364975194456847,constant,0.07644907424153813,1024,adamw,,PRUNED
381,0.9084311224489796,2026-04-21 14:44:47.685588,2026-04-21 14:45:05.109429,0 days 00:00:17.423841,block_16,0.00708973963020266,constant,0.18278367700698722,1024,adamw,,PRUNED
382,0.9046811224489796,2026-04-21 14:45:05.235339,2026-04-21 14:45:22.592688,0 days 00:00:17.357349,block_16,0.03758592485262417,constant,0.15944315303673912,2048,adamw,,PRUNED
383,0.9171938775510204,2026-04-21 14:45:22.738261,2026-04-21 14:45:48.908068,0 days 00:00:26.169807,block_16,0.013393680643084275,constant,0.385703069859748,2048,adamw,,PRUNED
384,0.9002551020408164,2026-04-21 14:45:49.053783,2026-04-21 14:46:06.499472,0 days 00:00:17.445689,block_16,0.08373133430289048,constant,0.12815482686635168,2048,adamw,,PRUNED
385,0.9145025510204081,2026-04-21 14:46:06.651673,2026-04-21 14:46:29.728067,0 days 00:00:23.076394,block_16,0.008746649222747156,constant,0.2216527097612277,2048,adamw,,PRUNED
386,0.8644515306122449,2026-04-21 14:46:29.885784,2026-04-21 14:46:47.252969,0 days 00:00:17.367185,block_12,0.09276490025896657,constant,0.03236162136716576,1024,adamw,,PRUNED
387,0.9071938775510203,2026-04-21 14:46:47.407493,2026-04-21 14:47:04.785828,0 days 00:00:17.378335,block_16,0.030745961595664,constant,0.2638182150627729,2048,adamw,,PRUNED
388,0.9140943877551021,2026-04-21 14:47:04.934250,2026-04-21 14:47:27.973961,0 days 00:00:23.039711,block_16,0.009822747737166784,constant,0.1377191852822932,2048,adamw,,PRUNED
389,0.8709438775510204,2026-04-21 14:47:28.115172,2026-04-21 14:47:45.503755,0 days 00:00:17.388583,block_20,0.005113804612629843,constant,0.31047849144127826,1024,adamw,,PRUNED
390,0.8778698979591837,2026-04-21 14:47:45.641253,2026-04-21 14:48:03.069458,0 days 00:00:17.428205,block_16,0.03984794905080902,constant,0.23948399846912347,1024,adamw,,PRUNED
391,0.8117091836734693,2026-04-21 14:48:03.223116,2026-04-21 14:48:20.704583,0 days 00:00:17.481467,pre_proj,0.027128675234337825,cosine_warmup,0.3125090940545239,1024,adamw,11.0,PRUNED
392,0.9155229591836735,2026-04-21 14:48:20.835121,2026-04-21 14:48:43.855901,0 days 00:00:23.020780,block_16,0.014327921701866534,constant,0.25468069694051143,2048,adamw,,PRUNED
393,0.9073852040816326,2026-04-21 14:48:44.000952,2026-04-21 14:49:04.074197,0 days 00:00:20.073245,block_16,0.011973634772834944,constant,0.13092580522793287,512,adamw,,PRUNED
394,0.8549107142857142,2026-04-21 14:49:04.210316,2026-04-21 14:49:21.613078,0 days 00:00:17.402762,block_20,0.0050754200599379806,cosine_warmup,0.15690253517855537,512,adamw,9.0,PRUNED
395,0.8282908163265307,2026-04-21 14:49:21.767252,2026-04-21 14:49:39.119921,0 days 00:00:17.352669,block_12,0.0701373005000671,constant,0.35277648771649917,512,adamw,,PRUNED
396,0.9173852040816327,2026-04-21 14:49:39.275281,2026-04-21 14:50:05.218039,0 days 00:00:25.942758,block_16,0.015141290142717532,constant,0.10669360745912723,2048,adamw,,PRUNED
397,0.9149107142857144,2026-04-21 14:50:05.377962,2026-04-21 14:50:28.491245,0 days 00:00:23.113283,block_16,0.007387287003742907,constant,0.15621479568011007,2048,adamw,,PRUNED
398,0.9172448979591837,2026-04-21 14:50:28.624045,2026-04-21 14:50:54.470125,0 days 00:00:25.846080,block_16,0.03718334081051981,constant,0.32334659441096814,2048,adamw,,PRUNED
399,0.9172321428571428,2026-04-21 14:50:54.615981,2026-04-21 14:51:20.549772,0 days 00:00:25.933791,block_16,0.017601858827985133,constant,0.2353171136532879,2048,adamw,,PRUNED
400,0.9078443877551021,2026-04-21 14:51:20.703152,2026-04-21 14:51:38.005549,0 days 00:00:17.302397,block_16,0.012076894560765146,cosine_warmup,0.17275681967642442,2048,adamw,4.0,PRUNED
401,0.9114285714285715,2026-04-21 14:51:38.143991,2026-04-21 14:52:01.126472,0 days 00:00:22.982481,block_16,0.03237320222498984,constant,0.39363169773397555,2048,adamw,,PRUNED
402,0.8983290816326529,2026-04-21 14:52:01.280604,2026-04-21 14:52:18.633984,0 days 00:00:17.353380,block_16,0.05843535548991698,constant,0.19951479167366082,1024,adamw,,PRUNED
403,0.8656632653061224,2026-04-21 14:52:18.771462,2026-04-21 14:52:36.222666,0 days 00:00:17.451204,block_20,0.0053835334965958576,cosine_warmup,0.07560534165796778,2048,adamw,13.0,PRUNED
404,0.9095918367346939,2026-04-21 14:52:36.394446,2026-04-21 14:52:53.975777,0 days 00:00:17.581331,block_16,0.012138743282491165,constant,0.19693684289658983,512,adamw,,PRUNED
405,0.9299489795918368,2026-04-21 14:52:54.135662,2026-04-21 14:54:07.153383,0 days 00:01:13.017721,block_16,0.010269239736282949,constant,0.22226741029978375,2048,adamw,,COMPLETE
406,0.9181250000000001,2026-04-21 14:54:07.310857,2026-04-21 14:54:33.324972,0 days 00:00:26.014115,block_16,0.011777627852291191,constant,0.26521236065498976,2048,adamw,,PRUNED
407,0.9291454081632653,2026-04-21 14:54:33.480591,2026-04-21 14:55:46.888689,0 days 00:01:13.408098,block_16,0.009789734770845503,constant,0.21716184429825047,2048,adamw,,COMPLETE
408,0.9150255102040816,2026-04-21 14:55:47.056621,2026-04-21 14:56:10.021528,0 days 00:00:22.964907,block_16,0.008157938811977853,constant,0.22748265104311852,2048,adamw,,PRUNED
409,0.9185331632653061,2026-04-21 14:56:10.169653,2026-04-21 14:56:35.920061,0 days 00:00:25.750408,block_16,0.008988479767498316,constant,0.2126642008003222,2048,adamw,,PRUNED
410,0.9142602040816327,2026-04-21 14:56:36.080295,2026-04-21 14:56:59.058435,0 days 00:00:22.978140,block_16,0.010595091690997748,constant,0.24042922119997823,2048,adamw,,PRUNED
411,0.8196556122448979,2026-04-21 14:56:59.209140,2026-04-21 14:57:16.622260,0 days 00:00:17.413120,pre_proj,0.007141809029249483,constant,0.12137623203291872,512,adamw,,PRUNED
412,0.913545918367347,2026-04-21 14:57:16.772421,2026-04-21 14:57:39.797249,0 days 00:00:23.024828,block_16,0.005671299969954201,constant,0.23654531161077902,2048,adamw,,PRUNED
413,0.8195918367346938,2026-04-21 14:57:39.962953,2026-04-21 14:57:57.356949,0 days 00:00:17.393996,pre_proj,0.005454038637967568,constant,0.2414820018639928,512,adamw,,PRUNED
414,0.8999617346938775,2026-04-21 14:57:57.502926,2026-04-21 14:58:14.852712,0 days 00:00:17.349786,block_16,0.06688556858834001,cosine_warmup,0.3249483693737572,512,adamw,7.0,PRUNED
415,0.8725382653061224,2026-04-21 14:58:15.008259,2026-04-21 14:58:32.294495,0 days 00:00:17.286236,block_20,0.03265686026686528,constant,0.23793596827590072,1024,adamw,,PRUNED
416,0.8188265306122449,2026-04-21 14:58:32.434003,2026-04-21 14:58:49.838994,0 days 00:00:17.404991,pre_proj,0.021030779806743977,constant,0.2376735917612971,2048,adamw,,PRUNED
417,0.9107397959183674,2026-04-21 14:58:50.003868,2026-04-21 14:59:07.315926,0 days 00:00:17.312058,block_16,0.015734222236231863,constant,0.2233257606239966,2048,adamw,,PRUNED
418,0.8283545918367348,2026-04-21 14:59:07.469171,2026-04-21 14:59:24.835814,0 days 00:00:17.366643,pre_proj,0.008735621603667393,constant,0.3528849927128993,2048,adamw,,PRUNED
419,0.9155867346938775,2026-04-21 14:59:24.981125,2026-04-21 14:59:47.902016,0 days 00:00:22.920891,block_16,0.01612912073670896,constant,0.34142413747454875,2048,adamw,,PRUNED
420,0.9173341836734694,2026-04-21 14:59:48.053594,2026-04-21 15:00:14.007731,0 days 00:00:25.954137,block_16,0.012183430109214466,constant,0.28962452036165054,2048,adamw,,PRUNED
421,0.9155994897959184,2026-04-21 15:00:14.162672,2026-04-21 15:00:37.089367,0 days 00:00:22.926695,block_16,0.01378129233772188,constant,0.18290957382231934,2048,adamw,,PRUNED
422,0.9034183673469388,2026-04-21 15:00:37.232623,2026-04-21 15:00:54.553173,0 days 00:00:17.320550,block_16,0.03374984889239579,constant,0.2405373667271207,2048,adamw,,PRUNED
423,0.9050255102040817,2026-04-21 15:00:54.678530,2026-04-21 15:01:11.985188,0 days 00:00:17.306658,block_16,0.025934599044839253,constant,0.24862874045506322,512,adamw,,PRUNED
424,0.9222576530612245,2026-04-21 15:01:12.145321,2026-04-21 15:01:52.071869,0 days 00:00:39.926548,block_16,0.043423468786037055,constant,0.06768836439919138,1024,adamw,,PRUNED
425,0.9220280612244898,2026-04-21 15:01:52.228406,2026-04-21 15:02:26.571812,0 days 00:00:34.343406,block_16,0.007483725299171517,constant,0.2490205049053902,2048,adamw,,PRUNED
426,0.9085586734693878,2026-04-21 15:02:26.712163,2026-04-21 15:02:43.901245,0 days 00:00:17.189082,block_16,0.023435510301465068,constant,0.25799184408265496,2048,adamw,,PRUNED
427,0.9140688775510204,2026-04-21 15:02:44.026404,2026-04-21 15:03:06.920427,0 days 00:00:22.894023,block_16,0.013413297816223078,constant,0.22981609439133927,2048,adamw,,PRUNED
428,0.9259183673469388,2026-04-21 15:03:07.058523,2026-04-21 15:04:00.300751,0 days 00:00:53.242228,block_16,0.010851355242023832,constant,0.20045275659250283,2048,adamw,,PRUNED
429,0.9158928571428572,2026-04-21 15:04:00.458109,2026-04-21 15:04:23.255985,0 days 00:00:22.797876,block_16,0.010247479987976194,constant,0.30092323475622185,2048,adamw,,PRUNED
430,0.864375,2026-04-21 15:04:23.393472,2026-04-21 15:04:40.301546,0 days 00:00:16.908074,block_12,0.023393853397334467,cosine_warmup,0.3715288621162681,1024,adamw,14.0,PRUNED
431,0.9111224489795918,2026-04-21 15:04:40.430704,2026-04-21 15:04:57.352940,0 days 00:00:16.922236,block_16,0.03570843954202265,constant,0.1750941238483726,2048,adamw,,PRUNED
432,0.9058290816326531,2026-04-21 15:04:57.493152,2026-04-21 15:05:14.390069,0 days 00:00:16.896917,block_16,0.017052361946203003,constant,0.3286477399490956,2048,adamw,,PRUNED
433,0.9246045918367346,2026-04-21 15:05:14.530878,2026-04-21 15:06:04.817718,0 days 00:00:50.286840,block_16,0.00832892965019986,constant,0.17975307571593027,2048,adamw,,PRUNED
434,0.9079209183673469,2026-04-21 15:06:04.984133,2026-04-21 15:06:21.938849,0 days 00:00:16.954716,block_16,0.07764836529830715,constant,0.2644330313360564,2048,adamw,,PRUNED
435,0.9102551020408164,2026-04-21 15:06:22.080795,2026-04-21 15:06:38.960641,0 days 00:00:16.879846,block_16,0.020424223135811492,constant,0.19730028838493222,2048,adamw,,PRUNED
436,0.8024489795918368,2026-04-21 15:06:39.101545,2026-04-21 15:06:56.078374,0 days 00:00:16.976829,pre_proj,0.024150187440384885,cosine_warmup,0.1488275729834666,512,adamw,11.0,PRUNED
437,0.8941198979591838,2026-04-21 15:06:56.226112,2026-04-21 15:07:13.125379,0 days 00:00:16.899267,block_16,0.0738780602068503,constant,0.11313084983141089,1024,adamw,,PRUNED
438,0.9255229591836734,2026-04-21 15:07:13.260897,2026-04-21 15:07:52.466678,0 days 00:00:39.205781,block_16,0.0152233289196948,constant,0.17188078068220825,2048,adamw,,PRUNED
439,0.9070408163265306,2026-04-21 15:07:52.617426,2026-04-21 15:08:09.531075,0 days 00:00:16.913649,block_16,0.03139595312144976,constant,0.134040383495031,512,adamw,,PRUNED
440,0.8847193877551021,2026-04-21 15:08:09.679933,2026-04-21 15:08:26.577402,0 days 00:00:16.897469,block_16,0.06912710493353372,constant,0.25381395233666815,1024,adamw,,PRUNED
441,0.8814795918367347,2026-04-21 15:08:26.717847,2026-04-21 15:08:43.642227,0 days 00:00:16.924380,block_16,0.045510734516773926,constant,0.30394420642043846,2048,adamw,,PRUNED
442,0.8610969387755101,2026-04-21 15:08:43.796261,2026-04-21 15:09:00.828883,0 days 00:00:17.032622,block_20,0.02056266523413652,constant,0.2775079068631235,2048,adamw,,PRUNED
443,0.9176530612244899,2026-04-21 15:09:00.991743,2026-04-21 15:09:26.321874,0 days 00:00:25.330131,block_16,0.009677573036904146,constant,0.23680622942358345,2048,adamw,,PRUNED
444,0.8731122448979591,2026-04-21 15:09:26.473240,2026-04-21 15:09:43.420397,0 days 00:00:16.947157,block_20,0.032657385698939355,cosine_warmup,0.07260437845714351,1024,adamw,5.0,PRUNED
445,0.815765306122449,2026-04-21 15:09:43.573753,2026-04-21 15:10:00.574492,0 days 00:00:17.000739,pre_proj,0.011077406998848993,constant,0.0029272220566716467,1024,adamw,,PRUNED
446,0.9067091836734694,2026-04-21 15:10:00.707005,2026-04-21 15:10:17.746477,0 days 00:00:17.039472,block_16,0.020423204766664725,constant,0.3032891377311752,2048,adamw,,PRUNED
447,0.8081250000000001,2026-04-21 15:10:17.898652,2026-04-21 15:10:35.000719,0 days 00:00:17.102067,pre_proj,0.05544613964399392,cosine_warmup,0.23070725844870266,2048,adamw,9.0,PRUNED
448,0.9066454081632652,2026-04-21 15:10:35.144822,2026-04-21 15:10:52.099544,0 days 00:00:16.954722,block_16,0.007241524933093179,constant,0.22006975684628438,512,adamw,,PRUNED
449,0.905982142857143,2026-04-21 15:10:52.233065,2026-04-21 15:11:09.107175,0 days 00:00:16.874110,block_16,0.035070670074519916,constant,0.11027327563534439,2048,adamw,,PRUNED
450,0.9053316326530613,2026-04-21 15:11:09.228039,2026-04-21 15:11:26.134533,0 days 00:00:16.906494,block_16,0.06414670329510908,cosine_warmup,0.24737318674089082,2048,adamw,12.0,PRUNED
451,0.917844387755102,2026-04-21 15:11:26.261943,2026-04-21 15:11:51.549151,0 days 00:00:25.287208,block_16,0.008202844672803085,constant,0.1953075348875569,2048,adamw,,PRUNED
452,0.9113010204081633,2026-04-21 15:11:51.682949,2026-04-21 15:12:08.601158,0 days 00:00:16.918209,block_16,0.012113445918701293,constant,0.3238260561750221,2048,adamw,,PRUNED
453,0.8936352040816328,2026-04-21 15:12:08.738696,2026-04-21 15:12:25.661929,0 days 00:00:16.923233,block_12,0.006578251322858845,constant,0.13016061191337203,2048,adamw,,PRUNED
454,0.8628698979591837,2026-04-21 15:12:25.804712,2026-04-21 15:12:42.766107,0 days 00:00:16.961395,block_20,0.03982086677251065,constant,0.031853724410231904,1024,adamw,,PRUNED
455,0.9108545918367347,2026-04-21 15:12:42.938782,2026-04-21 15:12:59.855776,0 days 00:00:16.916994,block_16,0.015211593402531873,constant,0.19629315521437107,2048,adamw,,PRUNED
456,0.9130484693877551,2026-04-21 15:13:00.008912,2026-04-21 15:13:22.512416,0 days 00:00:22.503504,block_16,0.006436043752318025,constant,0.1728790026594423,2048,adamw,,PRUNED
457,0.8780357142857143,2026-04-21 15:13:22.655875,2026-04-21 15:13:39.579165,0 days 00:00:16.923290,block_12,0.034314183262129656,cosine_warmup,0.1396528622830788,512,adamw,7.0,PRUNED
458,0.9136734693877551,2026-04-21 15:13:39.706316,2026-04-21 15:14:02.252113,0 days 00:00:22.545797,block_16,0.007629763539311727,constant,0.38494071729542223,2048,adamw,,PRUNED
459,0.917283163265306,2026-04-21 15:14:02.375368,2026-04-21 15:14:27.745676,0 days 00:00:25.370308,block_16,0.013099829385678854,constant,0.1564871430624159,2048,adamw,,PRUNED
460,0.8274999999999999,2026-04-21 15:14:27.900539,2026-04-21 15:14:44.988821,0 days 00:00:17.088282,pre_proj,0.006387301905454098,constant,0.22585195805383376,2048,adamw,,PRUNED
461,0.8845280612244899,2026-04-21 15:14:45.130639,2026-04-21 15:15:02.278313,0 days 00:00:17.147674,block_12,0.014788204890116419,constant,0.2846638725401442,2048,adamw,,PRUNED
462,0.8819897959183673,2026-04-21 15:15:02.424663,2026-04-21 15:15:19.476662,0 days 00:00:17.051999,block_12,0.048798333387052646,constant,0.1810536909644569,1024,adamw,,PRUNED
463,0.9071938775510204,2026-04-21 15:15:19.631256,2026-04-21 15:15:36.641247,0 days 00:00:17.009991,block_16,0.02841459025372381,constant,0.2541324382766998,2048,adamw,,PRUNED
464,0.8989795918367347,2026-04-21 15:15:36.794712,2026-04-21 15:15:53.740250,0 days 00:00:16.945538,block_16,0.0410364327891803,constant,0.15345447391819345,1024,adamw,,PRUNED
465,0.9224234693877551,2026-04-21 15:15:53.889047,2026-04-21 15:16:27.400197,0 days 00:00:33.511150,block_16,0.00824402092488266,constant,0.2650768880004863,2048,adamw,,PRUNED
466,0.8751913265306123,2026-04-21 15:16:27.543841,2026-04-21 15:16:44.845043,0 days 00:00:17.301202,block_20,0.06262743641217511,cosine_warmup,0.04445687813959334,2048,adamw,10.0,PRUNED
467,0.9074234693877551,2026-04-21 15:16:45.048419,2026-04-21 15:17:02.460054,0 days 00:00:17.411635,block_16,0.018797206009288664,constant,0.2587849837494822,512,adamw,,PRUNED
468,0.9043367346938775,2026-04-21 15:17:02.622581,2026-04-21 15:17:19.848512,0 days 00:00:17.225931,block_16,0.02409126922760983,constant,0.37236612882199194,2048,adamw,,PRUNED
469,0.9212882653061225,2026-04-21 15:17:20.002792,2026-04-21 15:17:54.059049,0 days 00:00:34.056257,block_16,0.006635723415471417,constant,0.07749356891410505,2048,adamw,,PRUNED
470,0.9052933673469388,2026-04-21 15:17:54.202619,2026-04-21 15:18:11.382647,0 days 00:00:17.180028,block_16,0.020136799008255636,cosine_warmup,0.22672780678784676,1024,adamw,4.0,PRUNED
471,0.915765306122449,2026-04-21 15:18:11.526559,2026-04-21 15:18:34.230372,0 days 00:00:22.703813,block_16,0.013625457696352051,constant,0.26138250680807396,2048,adamw,,PRUNED
472,0.9224872448979592,2026-04-21 15:18:34.370788,2026-04-21 15:19:08.390844,0 days 00:00:34.020056,block_16,0.008094747459982633,constant,0.15383010921415635,2048,adamw,,PRUNED
473,0.9023724489795919,2026-04-21 15:19:08.547845,2026-04-21 15:19:25.618416,0 days 00:00:17.070571,block_16,0.018871316153139316,cosine_warmup,0.3995732074163066,2048,adamw,6.0,PRUNED
474,0.9255229591836734,2026-04-21 15:19:25.760680,2026-04-21 15:20:16.554690,0 days 00:00:50.794010,block_16,0.010844032754520502,constant,0.20163874016211988,2048,adamw,,PRUNED
475,0.9038647959183673,2026-04-21 15:20:16.715002,2026-04-21 15:20:33.794887,0 days 00:00:17.079885,block_16,0.02635642170869069,constant,0.15768472006651543,2048,adamw,,PRUNED
476,0.8905229591836736,2026-04-21 15:20:33.961749,2026-04-21 15:20:50.986749,0 days 00:00:17.025000,block_16,0.09401198542949889,cosine_warmup,0.01899419436640773,2048,adamw,14.0,PRUNED
477,0.9037499999999999,2026-04-21 15:20:51.124127,2026-04-21 15:21:08.289404,0 days 00:00:17.165277,block_16,0.03622050446825343,constant,0.31055253216446227,2048,adamw,,PRUNED
478,0.8940051020408163,2026-04-21 15:21:08.450637,2026-04-21 15:21:25.598818,0 days 00:00:17.148181,block_16,0.04571318264712888,cosine_warmup,0.01027314954981981,512,adamw,8.0,PRUNED
479,0.9111989795918367,2026-04-21 15:21:25.737317,2026-04-21 15:21:42.900369,0 days 00:00:17.163052,block_16,0.015270816528854215,constant,0.3623498124855479,2048,adamw,,PRUNED
480,0.9149234693877552,2026-04-21 15:21:43.073261,2026-04-21 15:22:05.896301,0 days 00:00:22.823040,block_16,0.005721900190140552,constant,0.22446567117263888,2048,adamw,,PRUNED
481,0.9075127551020408,2026-04-21 15:22:06.044532,2026-04-21 15:22:23.320359,0 days 00:00:17.275827,block_16,0.020178469532036884,constant,0.2678204434087616,2048,adamw,,PRUNED
482,0.9181632653061225,2026-04-21 15:22:23.454017,2026-04-21 15:22:49.050518,0 days 00:00:25.596501,block_16,0.012500682363372588,constant,0.1910764621853439,2048,adamw,,PRUNED
483,0.9176913265306121,2026-04-21 15:22:49.191567,2026-04-21 15:23:14.791594,0 days 00:00:25.600027,block_16,0.010623094572899767,constant,0.11995847330299991,2048,adamw,,PRUNED
484,0.909030612244898,2026-04-21 15:23:14.930426,2026-04-21 15:23:32.267851,0 days 00:00:17.337425,block_16,0.02132048440712416,constant,0.19081508364765604,2048,adamw,,PRUNED
485,0.915905612244898,2026-04-21 15:23:32.422796,2026-04-21 15:23:55.214074,0 days 00:00:22.791278,block_16,0.01031982651600112,constant,0.27344475105491356,2048,adamw,,PRUNED
486,0.9006377551020408,2026-04-21 15:23:55.371696,2026-04-21 15:24:12.443840,0 days 00:00:17.072144,block_16,0.005898508944716523,cosine_warmup,0.13977544908583903,2048,adamw,12.0,PRUNED
487,0.8842729591836735,2026-04-21 15:24:12.582455,2026-04-21 15:24:29.850535,0 days 00:00:17.268080,block_16,0.09333115825502256,constant,0.37734230157421034,512,adamw,,PRUNED
488,0.8101913265306122,2026-04-21 15:24:30.000265,2026-04-21 15:24:47.325767,0 days 00:00:17.325502,pre_proj,0.030485090626848416,constant,0.3148559803011568,2048,adamw,,PRUNED
489,0.9018239795918368,2026-04-21 15:24:47.483661,2026-04-21 15:25:04.650170,0 days 00:00:17.166509,block_16,0.015952607221992585,constant,0.3007951616397699,1024,adamw,,PRUNED
490,0.9143494897959183,2026-04-21 15:25:04.800680,2026-04-21 15:25:27.564742,0 days 00:00:22.764062,block_16,0.009345705326224175,constant,0.22393574124970356,2048,adamw,,PRUNED
491,0.9026147959183672,2026-04-21 15:25:27.735559,2026-04-21 15:25:44.904127,0 days 00:00:17.168568,block_16,0.06293659731856525,constant,0.19505658666823228,1024,adamw,,PRUNED
492,0.908201530612245,2026-04-21 15:25:45.069435,2026-04-21 15:26:02.251136,0 days 00:00:17.181701,block_16,0.010973648377703291,constant,0.14427897604395323,1024,adamw,,PRUNED
493,0.9071428571428573,2026-04-21 15:26:02.379324,2026-04-21 15:26:19.475682,0 days 00:00:17.096358,block_16,0.028975743355161614,constant,0.29112042775213265,2048,adamw,,PRUNED
494,0.9186989795918368,2026-04-21 15:26:19.633975,2026-04-21 15:26:45.258406,0 days 00:00:25.624431,block_16,0.01152633794993621,constant,0.17841680503314097,2048,adamw,,PRUNED
495,0.8569260204081632,2026-04-21 15:26:45.426780,2026-04-21 15:27:02.599361,0 days 00:00:17.172581,block_20,0.012318152449904795,cosine_warmup,0.018286010833917538,1024,adamw,10.0,PRUNED
496,0.8987882653061225,2026-04-21 15:27:02.746144,2026-04-21 15:27:19.739075,0 days 00:00:16.992931,block_16,0.02597666073518977,constant,0.24990268621308448,1024,adamw,,PRUNED
497,0.9146811224489796,2026-04-21 15:27:19.912535,2026-04-21 15:27:42.675831,0 days 00:00:22.763296,block_16,0.013081298192313653,constant,0.37865816634878297,2048,adamw,,PRUNED
498,0.9149362244897958,2026-04-21 15:27:42.828188,2026-04-21 15:28:08.449696,0 days 00:00:25.621508,block_16,0.05366074783308269,constant,0.187029623681594,2048,adamw,,PRUNED
499,0.833188775510204,2026-04-21 15:28:08.610524,2026-04-21 15:28:25.808695,0 days 00:00:17.198171,block_12,0.08560557848651497,constant,0.23013366944648614,512,adamw,,PRUNED
500,0.909158163265306,2026-04-21 15:28:25.960781,2026-04-21 15:28:43.132650,0 days 00:00:17.171869,block_16,0.02142885993878182,constant,0.19040576124150754,2048,adamw,,PRUNED
501,0.8800510204081632,2026-04-21 15:28:43.303114,2026-04-21 15:29:00.486276,0 days 00:00:17.183162,block_20,0.05727453064148907,cosine_warmup,0.03674441636215389,512,adamw,6.0,PRUNED
