number,value,datetime_start,datetime_complete,duration,params_attn_dropout,params_dim_feedforward,params_lr,params_lr_scheduler,params_mlp_dropout,params_mlp_hidden_dim,params_n_heads,params_num_layers,params_optimizer_type,params_warmup_epochs,params_weight_decay,system_attrs_completed_rung_0,system_attrs_completed_rung_1,system_attrs_completed_rung_2,system_attrs_completed_rung_3,state
0,0.9480739795918367,2026-04-20 17:58:50.313609,2026-04-20 18:01:31.513994,0 days 00:02:41.200385,0.11004270591206029,1024,0.001570297088405539,constant,0.25212112147976884,1024,8,11,adam,,0.0002481040974867811,,,,,COMPLETE
1,0.9505739795918366,2026-04-20 18:01:31.711219,2026-04-20 18:04:51.529969,0 days 00:03:19.818750,0.1827682615040224,3072,0.00012562773503807024,constant,0.14883605700319194,128,8,8,adam,,6.672367170464208e-05,0.8525765306122449,0.9206887755102041,0.9383418367346938,0.9473979591836734,COMPLETE
2,0.9505357142857143,2026-04-20 18:04:51.700357,2026-04-20 18:08:45.664929,0 days 00:03:53.964572,0.02713637334632284,2048,5.9750279999602906e-05,cosine_warmup,0.2626651653816322,512,8,12,adam,4.0,0.0004467752817973908,0.8732780612244897,0.927640306122449,0.9486224489795918,,COMPLETE
3,0.8371045918367347,2026-04-20 18:08:45.852020,2026-04-20 18:08:52.770192,0 days 00:00:06.918172,0.06952143571507782,2048,2.6471141828218167e-05,cosine,0.5315517129377968,128,8,4,adam,,0.0016172900811143157,0.8371045918367347,,,,PRUNED
4,0.9506377551020407,2026-04-20 18:08:52.965006,2026-04-20 18:11:16.649286,0 days 00:02:23.684280,0.3818462467582682,1024,0.0008178476574339542,cosine_warmup,0.25717799053816337,256,4,8,adam,9.0,0.0035387588647792408,0.9342984693877551,0.9408418367346939,,,COMPLETE
5,0.9272576530612245,2026-04-20 18:11:16.832788,2026-04-20 18:12:16.370773,0 days 00:00:59.537985,0.19080208498311832,4096,1.7019223026554023e-05,cosine,0.15502596226383838,1024,4,8,adamw,,1.4421346497969488e-05,0.9272576530612245,,,,PRUNED
6,0.6096173469387755,2026-04-20 18:12:16.553572,2026-04-20 18:12:23.650406,0 days 00:00:07.096834,0.17090429662648057,1024,0.000178744632562384,cosine_warmup,0.1184434736772664,128,16,7,adam,5.0,7.7344821566468e-06,0.6096173469387755,,,,PRUNED
7,0.9001020408163265,2026-04-20 18:12:23.807833,2026-04-20 18:12:43.440455,0 days 00:00:19.632622,0.5011814973535428,2048,2.7207248059486674e-05,constant,0.2603900324858679,1024,8,10,adamw,,9.074256288983866e-05,0.8574744897959183,0.9001020408163265,,,PRUNED
8,0.852079081632653,2026-04-20 18:12:43.634168,2026-04-20 18:12:52.766058,0 days 00:00:09.131890,0.4903333201207295,1024,4.7806541413289224e-05,cosine,0.3776004057997312,1024,8,12,adam,,0.0003807949336768562,0.852079081632653,,,,PRUNED
9,0.9078698979591837,2026-04-20 18:12:52.935603,2026-04-20 18:13:09.581284,0 days 00:00:16.645681,0.3981010614648335,1024,0.00010401341922663452,cosine,0.10253079192310935,512,4,10,adamw,,2.493666083446518e-05,0.857359693877551,0.9078698979591837,,,PRUNED
10,0.598954081632653,2026-04-20 18:13:09.764815,2026-04-20 18:13:24.919025,0 days 00:00:15.154210,0.45118627379416854,1024,0.00413727922792285,cosine,0.34867364063545814,256,4,8,adam,,0.0011194653508204656,0.598954081632653,,,,PRUNED
11,0.8084948979591836,2026-04-20 18:13:25.095739,2026-04-20 18:13:36.654430,0 days 00:00:11.558691,0.31538886947880984,3072,0.0005189316733833191,constant,0.13799361754083478,128,4,9,adam,,0.005161781821513242,0.8084948979591836,,,,PRUNED
12,0.9110586734693877,2026-04-20 18:13:36.836025,2026-04-20 18:13:53.545061,0 days 00:00:16.709036,0.04693978357110207,3072,6.098505658756649e-05,constant,0.36717281024011983,128,8,6,adam,,2.912679477890693e-05,0.8606632653061224,0.9110586734693877,,,PRUNED
13,0.632920918367347,2026-04-20 18:13:53.726772,2026-04-20 18:14:00.947674,0 days 00:00:07.220902,0.4543766292705463,2048,6.773920432105695e-05,cosine_warmup,0.39353746931898437,256,4,8,adam,10.0,0.0006781550401167152,0.632920918367347,,,,PRUNED
14,0.8549362244897958,2026-04-20 18:14:01.113939,2026-04-20 18:14:11.380657,0 days 00:00:10.266718,0.13947470466838446,3072,2.1367348592335675e-05,cosine,0.1172437761740951,128,8,12,adam,,1.9600892780329583e-05,0.8549362244897958,,,,PRUNED
15,0.940625,2026-04-20 18:14:11.554533,2026-04-20 18:15:32.760595,0 days 00:01:21.206062,0.28381813524203997,1024,0.0004913098972607284,cosine_warmup,0.24249401217171482,256,4,8,adam,8.0,0.0010839610859329828,0.894859693877551,0.9340561224489796,0.940625,,PRUNED
16,0.9335459183673469,2026-04-20 18:15:32.923430,2026-04-20 18:16:02.736837,0 days 00:00:29.813407,0.14908108465066494,3072,0.00027772648265198154,cosine,0.19662067884527484,128,8,5,adamw,,0.00012547664505188592,0.9106122448979592,0.9335459183673469,,,PRUNED
17,0.8287627551020409,2026-04-20 18:16:02.898489,2026-04-20 18:16:12.662866,0 days 00:00:09.764377,0.38060745759681164,3072,0.0013896795065517786,cosine_warmup,0.38336853901151946,256,16,10,adam,7.0,0.005726574108661009,0.8287627551020409,,,,PRUNED
18,0.6319642857142858,2026-04-20 18:16:12.843928,2026-04-20 18:16:19.898970,0 days 00:00:07.055042,0.5689886431225515,1024,0.00013390632004271874,cosine_warmup,0.29292634441761556,256,4,11,adamw,10.0,0.006175104712622979,0.6319642857142858,,,,PRUNED
19,0.8138010204081632,2026-04-20 18:16:20.049592,2026-04-20 18:16:26.157153,0 days 00:00:06.107561,0.1692391359915613,1024,0.0006105661667251553,constant,0.2920364390221794,128,8,4,adam,,0.0015723658672343716,0.8138010204081632,,,,PRUNED
20,0.9336989795918367,2026-04-20 18:16:26.328312,2026-04-20 18:16:56.250051,0 days 00:00:29.921739,0.3412785039006213,2048,0.00029911513100358745,constant,0.11225588728826344,128,8,7,adam,,2.449052712738478e-05,0.9336989795918367,,,,PRUNED
21,0.8695663265306123,2026-04-20 18:16:56.392063,2026-04-20 18:17:11.819530,0 days 00:00:15.427467,0.13746547577179125,2048,8.589276071855626e-05,cosine_warmup,0.3818761366692534,512,8,11,adam,3.0,0.0008010205575236089,0.8695663265306123,,,,PRUNED
22,0.810012755102041,2026-04-20 18:17:12.001311,2026-04-20 18:17:19.960804,0 days 00:00:07.959493,0.08941040748316761,2048,0.0002561601014850653,cosine,0.18718538223449024,512,4,11,adam,,7.332188662019238e-05,0.810012755102041,,,,PRUNED
23,0.7725765306122448,2026-04-20 18:17:20.141165,2026-04-20 18:17:28.410480,0 days 00:00:08.269315,0.06513868793659522,2048,0.0001185177948404561,cosine_warmup,0.1443369431300746,1024,8,11,adamw,5.0,0.00019896803855825478,0.7725765306122448,,,,PRUNED
24,0.8425510204081632,2026-04-20 18:17:28.584763,2026-04-20 18:17:37.432014,0 days 00:00:08.847251,0.3031277365202851,3072,2.5672271521152588e-05,constant,0.28453440118906087,256,8,10,adam,,3.087064852764814e-05,0.8425510204081632,,,,PRUNED
25,0.9467984693877551,2026-04-20 18:17:37.612955,2026-04-20 18:19:42.865877,0 days 00:02:05.252922,0.06431557642797568,1024,1.7344785564180693e-05,cosine_warmup,0.28800776700043246,256,8,11,adam,3.0,0.00028041483603900825,0.9380612244897959,,,,COMPLETE
26,0.8305357142857143,2026-04-20 18:19:43.020910,2026-04-20 18:19:54.753999,0 days 00:00:11.733089,4.1295783119732477e-05,4096,0.00021347554906804282,cosine_warmup,0.3572813250978788,512,16,12,adamw,7.0,0.00014943432998935907,0.8305357142857143,,,,PRUNED
27,0.8510841836734694,2026-04-20 18:19:54.964648,2026-04-20 18:20:01.299707,0 days 00:00:06.335059,0.49559391334384717,4096,0.0013600072352466328,cosine_warmup,0.2252388865856712,256,16,4,adam,8.0,0.002809085415494943,0.8510841836734694,,,,PRUNED
28,0.9341071428571429,2026-04-20 18:20:01.493410,2026-04-20 18:20:40.262309,0 days 00:00:38.768899,0.05663308392774578,2048,5.2693969316920903e-05,constant,0.20370777867349737,1024,16,10,adam,,0.00011517738525606282,0.9341071428571429,,,,PRUNED
29,0.6177933673469387,2026-04-20 18:20:40.425368,2026-04-20 18:20:50.714857,0 days 00:00:10.289489,0.04787523818598445,3072,1.3585788977402365e-05,cosine_warmup,0.29981007194476417,512,16,11,adam,5.0,0.00031941489501072196,0.6177933673469387,,,,PRUNED
30,0.8426658163265306,2026-04-20 18:20:50.888698,2026-04-20 18:21:01.000639,0 days 00:00:10.111941,0.14130791897388437,4096,0.0001312380365327204,constant,0.24536696694849536,512,8,9,adam,,0.000706785142242362,0.8426658163265306,,,,PRUNED
31,0.6687053571428572,2026-04-20 18:21:01.205217,2026-04-20 18:21:08.248956,0 days 00:00:07.043739,0.22838936497405554,1024,0.004191558200790657,constant,0.3051272934811646,1024,8,11,adam,,0.00043135786397631215,0.6687053571428572,,,,PRUNED
32,0.7292857142857143,2026-04-20 18:21:08.428768,2026-04-20 18:21:24.848860,0 days 00:00:16.420092,0.031467425961498395,2048,2.0261145125818645e-05,cosine_warmup,0.10992129852118077,512,8,12,adam,9.0,0.000457353702480274,0.7292857142857143,,,,PRUNED
33,0.8340051020408165,2026-04-20 18:21:25.036993,2026-04-20 18:21:40.310377,0 days 00:00:15.273384,0.08037930511049685,2048,0.002805209967366114,cosine_warmup,0.22078546716506475,1024,8,10,adam,6.0,0.00041256799656827714,0.8340051020408165,,,,PRUNED
34,0.9463137755102041,2026-04-20 18:21:40.496179,2026-04-20 18:23:14.714481,0 days 00:01:34.218302,0.05618260390318253,1024,0.00035710044382411267,constant,0.14068655028566926,1024,8,8,adam,,1.6396256597455788e-05,0.9203954081632653,0.9361224489795918,0.9463137755102041,,PRUNED
35,0.6476658163265306,2026-04-20 18:23:14.872433,2026-04-20 18:23:22.195835,0 days 00:00:07.323402,0.3837542895185011,1024,0.004924191951272204,cosine_warmup,0.18378739876104147,256,4,6,adamw,3.0,0.0033680411571124567,0.6476658163265306,,,,PRUNED
36,0.934094387755102,2026-04-20 18:23:22.352420,2026-04-20 18:25:50.082018,0 days 00:02:27.729598,0.06062020579138856,1024,0.0016844026433788938,constant,0.29781756023136474,256,8,12,adam,,0.00010221763619766668,0.934094387755102,,,,PRUNED
37,,2026-04-20 18:25:50.249942,2026-04-20 18:25:52.221484,0 days 00:00:01.971542,0.46515423295229563,4096,0.0019158314807082553,constant,0.268377374055312,256,4,9,adam,,0.0075960926019757,,,,,FAIL
38,0.7947704081632653,2026-04-20 19:18:12.980596,2026-04-20 19:18:20.700194,0 days 00:00:07.719598,0.10037064682054433,3072,0.0006210429177776603,constant,0.1402337290802212,128,8,6,adam,,7.269338062171255e-05,0.7947704081632653,,,,PRUNED
39,0.9213903061224489,2026-04-20 19:18:20.856017,2026-04-20 19:18:50.599095,0 days 00:00:29.743078,0.5412998573701194,1024,0.001494998124457668,cosine_warmup,0.1653156574562945,128,4,9,adam,9.0,0.005473569008021862,0.9213903061224489,,,,PRUNED
40,0.8201147959183673,2026-04-20 19:18:50.760546,2026-04-20 19:19:00.122307,0 days 00:00:09.361761,0.2760799162139346,3072,0.0008875144311917897,cosine_warmup,0.12602735460910644,128,8,11,adamw,5.0,4.3948266947135295e-05,0.8201147959183673,,,,PRUNED
41,0.7159948979591837,2026-04-20 19:19:00.303674,2026-04-20 19:19:06.672274,0 days 00:00:06.368600,0.06885298668318102,1024,0.0007453006492588246,constant,0.1956405779737203,128,16,9,adam,,0.0005147634708266772,0.7159948979591837,,,,PRUNED
42,0.621390306122449,2026-04-20 19:19:06.831050,2026-04-20 19:19:13.198272,0 days 00:00:06.367222,0.1501062744527129,1024,4.316244365644793e-05,cosine_warmup,0.2764276170298367,256,8,10,adam,3.0,5.657707351159432e-05,0.621390306122449,,,,PRUNED
43,0.9505357142857143,2026-04-20 19:19:13.374577,2026-04-20 19:21:13.427416,0 days 00:02:00.052839,0.013539786983629107,1024,5.767696334796765e-05,cosine_warmup,0.369755948268469,256,8,9,adamw,3.0,0.0006181206484326304,0.9354336734693878,0.9417729591836735,,,COMPLETE
44,0.77125,2026-04-20 19:21:13.582161,2026-04-20 19:21:25.614765,0 days 00:00:12.032604,0.39527128706320525,2048,0.004380034839446645,cosine_warmup,0.34881830726626173,256,4,7,adam,4.0,0.009339151912542545,0.77125,,,,PRUNED
45,0.9049872448979592,2026-04-20 19:21:25.769759,2026-04-20 19:21:37.709300,0 days 00:00:11.939541,0.11030759208384597,1024,3.83031238466251e-05,cosine,0.36323284610145173,256,8,6,adamw,,0.00020006336069596146,0.860204081632653,0.9049872448979592,,,PRUNED
46,0.8067602040816326,2026-04-20 19:21:37.867217,2026-04-20 19:21:47.061780,0 days 00:00:09.194563,0.24988185730560702,3072,0.0001837153778168784,constant,0.14679713961431193,128,16,10,adam,,8.633633258417855e-06,0.8067602040816326,,,,PRUNED
47,0.5212244897959184,2026-04-20 19:21:47.247551,2026-04-20 19:21:53.446365,0 days 00:00:06.198814,0.06592702754973868,1024,2.5405362789486744e-05,cosine_warmup,0.3015084840747126,128,8,8,adamw,3.0,0.00525860199378477,0.5212244897959184,,,,PRUNED
48,0.7606377551020409,2026-04-20 19:21:53.591541,2026-04-20 19:22:03.012266,0 days 00:00:09.420725,0.09273438393616425,4096,0.00012554554402568514,cosine_warmup,0.42698334096887075,256,8,9,adamw,4.0,0.0005977178500881196,0.7606377551020409,,,,PRUNED
49,0.9072959183673469,2026-04-20 19:22:03.176715,2026-04-20 19:22:15.245712,0 days 00:00:12.068997,0.00996025584219112,1024,0.00020638181290956993,cosine,0.3902128925623862,256,16,9,adamw,,0.002852465202065619,0.8475382653061224,0.9072959183673469,,,PRUNED
50,0.5480229591836735,2026-04-20 19:22:15.392631,2026-04-20 19:22:21.666442,0 days 00:00:06.273811,0.07929910113848149,1024,1.9845776067825228e-05,cosine_warmup,0.4747907882608325,256,16,9,adamw,4.0,0.0012165732014120037,0.5480229591836735,,,,PRUNED
51,0.9342602040816327,2026-04-20 19:22:21.827523,2026-04-20 19:23:01.083783,0 days 00:00:39.256260,0.16965451957421035,3072,3.8933718256049677e-05,constant,0.12684832804740803,128,8,9,adam,,9.176377545701222e-05,0.9342602040816327,,,,PRUNED
52,0.9045280612244898,2026-04-20 19:23:01.273803,2026-04-20 19:23:14.174908,0 days 00:00:12.901105,0.11274209997391957,1024,4.246386787984521e-05,constant,0.26607744413777046,256,8,11,adam,,0.005779898776040396,0.8542857142857143,0.9045280612244898,,,PRUNED
53,0.8392729591836735,2026-04-20 19:23:14.354216,2026-04-20 19:23:26.360934,0 days 00:00:12.006718,0.058854643126642264,1024,1.4762196871720302e-05,cosine_warmup,0.3949290112018419,1024,8,9,adam,3.0,0.000942180804492672,0.8392729591836735,,,,PRUNED
54,0.8750765306122448,2026-04-20 19:23:26.501289,2026-04-20 19:23:38.450996,0 days 00:00:11.949707,0.01809926759111393,1024,7.339553744486029e-05,cosine_warmup,0.43201003524747766,256,8,7,adamw,3.0,0.00010799456145183362,0.8750765306122448,,,,PRUNED
55,0.9213392857142857,2026-04-20 19:23:38.579870,2026-04-20 19:24:08.571565,0 days 00:00:29.991695,0.07650567906924656,1024,1.6200330669254657e-05,cosine_warmup,0.4221134294092039,256,4,10,adam,3.0,0.00019695893477500367,0.9213392857142857,,,,PRUNED
56,0.6720663265306122,2026-04-20 19:24:08.737776,2026-04-20 19:24:20.748947,0 days 00:00:12.011171,0.06308739942489222,1024,0.0035517723388724816,cosine,0.29972658948469894,1024,8,9,adam,,0.000539044946696189,0.6720663265306122,,,,PRUNED
57,0.9318239795918368,2026-04-20 19:24:20.906044,2026-04-20 19:26:51.322677,0 days 00:02:30.416633,0.06847777058201512,4096,0.0023779408053206503,constant,0.12806743319152653,1024,8,12,adam,,9.047192594994474e-05,0.9318239795918368,,,,PRUNED
58,0.695765306122449,2026-04-20 19:26:51.524280,2026-04-20 19:27:00.885642,0 days 00:00:09.361362,0.045572070416517965,3072,9.900577305080844e-05,cosine_warmup,0.281319079210997,256,8,10,adamw,3.0,0.0006508574734021571,0.695765306122449,,,,PRUNED
59,0.5803954081632653,2026-04-20 19:27:01.098308,2026-04-20 19:27:08.276140,0 days 00:00:07.177832,0.09917912732195913,1024,0.0012072733110279578,constant,0.1862810342742828,1024,8,11,adamw,,0.0020163462197867604,0.5803954081632653,,,,PRUNED
60,0.945969387755102,2026-04-20 19:27:08.420957,2026-04-20 19:29:02.027695,0 days 00:01:53.606738,0.28717810744754546,4096,0.00023432962589790883,cosine_warmup,0.1895315435995823,1024,4,7,adam,4.0,0.007231439200796735,0.8493622448979592,0.9116964285714285,0.9393112244897959,0.945969387755102,PRUNED
61,0.6838903061224489,2026-04-20 19:29:02.208362,2026-04-20 19:29:14.091684,0 days 00:00:11.883322,0.22273900632032456,4096,1.5135448384024432e-05,cosine_warmup,0.22649294803644127,256,8,11,adam,3.0,0.0017460089709158283,0.6838903061224489,,,,PRUNED
62,0.9382397959183674,2026-04-20 19:29:14.291837,2026-04-20 19:29:44.125099,0 days 00:00:29.833262,0.13970966688132333,1024,0.00024716114838739344,constant,0.12670318949622184,1024,8,8,adam,,1.4356018158976479e-05,0.8781760204081632,0.9184821428571429,0.9382397959183674,,PRUNED
63,0.6395025510204082,2026-04-20 19:29:44.290719,2026-04-20 19:29:51.402210,0 days 00:00:07.111491,0.030486092698273334,1024,4.926765997484791e-05,cosine_warmup,0.2751608252311498,256,8,12,adamw,5.0,0.00020835781240089812,0.6395025510204082,,,,PRUNED
64,0.8520025510204082,2026-04-20 19:29:51.561106,2026-04-20 19:30:23.041542,0 days 00:00:31.480436,0.14216464816488183,1024,1.059370347412986e-05,cosine_warmup,0.23592327162904114,128,8,11,adam,9.0,0.0002669502658702829,0.8520025510204082,,,,PRUNED
65,0.5942474489795919,2026-04-20 19:30:23.184763,2026-04-20 19:30:35.183959,0 days 00:00:11.999196,0.08753852146042765,1024,0.001091721641366893,constant,0.1994853299991719,1024,16,8,adamw,,1.2474596398353563e-06,0.5942474489795919,,,,PRUNED
66,0.6189732142857143,2026-04-20 19:30:35.351705,2026-04-20 19:30:41.653012,0 days 00:00:06.301307,0.35831092185526264,1024,0.0021396555743763285,constant,0.21337780688553307,256,4,8,adam,,0.0018030280642881993,0.6189732142857143,,,,PRUNED
67,0.9110076530612244,2026-04-20 19:30:41.825364,2026-04-20 19:30:56.910108,0 days 00:00:15.084744,0.12736218668579402,3072,8.144206491860329e-05,constant,0.13028936718558293,128,4,8,adamw,,0.00027391844537288137,0.8522448979591837,0.9110076530612244,,,PRUNED
68,0.9281887755102042,2026-04-20 19:30:57.068004,2026-04-20 19:31:45.286403,0 days 00:00:48.218399,0.019907705794335914,4096,2.8406922334957133e-05,cosine_warmup,0.3249526422280435,512,8,10,adam,4.0,0.0017465879623778816,0.9281887755102042,,,,PRUNED
69,0.9351658163265306,2026-04-20 19:31:45.474088,2026-04-20 19:32:16.879521,0 days 00:00:31.405433,0.06813275187952196,1024,0.00017169181732873894,cosine,0.24710842183967574,1024,16,10,adam,,3.996441065652868e-05,0.8710586734693878,0.917716836734694,0.9351658163265306,,PRUNED
70,0.6193239795918367,2026-04-20 19:32:17.058158,2026-04-20 19:32:24.854195,0 days 00:00:07.796037,0.20355042994264108,2048,6.191672770084534e-05,cosine_warmup,0.2685956838865508,512,4,10,adamw,9.0,0.000375981996325578,0.6193239795918367,,,,PRUNED
71,0.930905612244898,2026-04-20 19:32:25.038697,2026-04-20 19:32:54.560972,0 days 00:00:29.522275,0.4472567160303337,1024,0.00038375605932402325,cosine_warmup,0.2858285431493026,256,8,9,adam,10.0,0.0023373014911157006,0.8917857142857142,0.930905612244898,,,PRUNED
72,0.9328698979591836,2026-04-20 19:32:54.712256,2026-04-20 19:33:26.745180,0 days 00:00:32.032924,0.20964162712334844,4096,0.00041165195203186363,cosine_warmup,0.15343117547587495,128,4,5,adam,4.0,0.0035878172189005974,0.9328698979591836,,,,PRUNED
73,0.8891964285714287,2026-04-20 19:33:26.904664,2026-04-20 19:34:05.233819,0 days 00:00:38.329155,0.30773525058186074,4096,0.005963193223960147,cosine_warmup,0.20626941971768994,1024,4,7,adam,4.0,0.0022258553262431645,0.8891964285714287,,,,PRUNED
74,0.8218877551020408,2026-04-20 19:34:05.403360,2026-04-20 19:34:12.892839,0 days 00:00:07.489479,0.028070694847295186,4096,0.00047910121879159027,cosine_warmup,0.3609351438547913,1024,4,6,adam,4.0,0.00502921507000472,0.8218877551020408,,,,PRUNED
75,0.9485714285714285,2026-04-20 19:34:13.058775,2026-04-20 19:36:11.734269,0 days 00:01:58.675494,0.3351021973493944,4096,0.0001075144167411335,cosine_warmup,0.16002157168672498,1024,4,4,adam,3.0,0.002210778064738869,0.9351530612244898,0.9469770408163265,,,COMPLETE
76,0.9506760204081633,2026-04-20 19:36:11.884378,2026-04-20 19:38:43.801391,0 days 00:02:31.917013,0.11789801073137364,2048,0.00014473633460761504,cosine,0.3815591893216963,256,8,11,adam,,1.869102228441704e-05,0.9464923469387755,,,,COMPLETE
77,0.9485841836734694,2026-04-20 19:38:43.948097,2026-04-20 19:41:22.677988,0 days 00:02:38.729891,0.13657119836597384,2048,7.358803304267022e-05,cosine,0.47781909822533364,256,8,12,adam,,1.5518778179745437e-05,0.8996428571428572,0.9366836734693877,0.9486224489795918,,COMPLETE
78,0.8161096938775511,2026-04-20 19:41:22.822471,2026-04-20 19:41:30.785208,0 days 00:00:07.962737,0.015413449298254417,2048,0.0001863371366112593,cosine,0.47574202359100587,256,8,11,adam,,3.811441477904934e-05,0.8161096938775511,,,,PRUNED
79,0.934094387755102,2026-04-20 19:41:30.969682,2026-04-20 19:42:15.161064,0 days 00:00:44.191382,0.1681795249151946,4096,4.422797064126381e-05,cosine,0.503668451589688,256,8,9,adam,,1.6401480248431814e-06,0.858482142857143,0.9122066326530612,0.934094387755102,,PRUNED
80,0.9366198979591837,2026-04-20 19:42:15.365049,2026-04-20 19:42:46.556315,0 days 00:00:31.191266,0.1882997308470039,1024,0.00010823209011142138,cosine,0.5806610129070727,256,16,10,adam,,1.5836286644095614e-05,0.8566071428571429,0.9131505102040817,0.9366198979591837,,PRUNED
81,0.9451147959183674,2026-04-20 19:42:46.716178,2026-04-20 19:44:36.172662,0 days 00:01:49.456484,0.17197006713356594,2048,1.5323335809070477e-05,cosine,0.31912231573804817,512,8,12,adam,,7.888672052072039e-05,0.9451147959183674,,,,PRUNED
82,0.6167984693877552,2026-04-20 19:44:36.350555,2026-04-20 19:44:42.426183,0 days 00:00:06.075628,0.35641268236450896,3072,3.7432127827083096e-05,cosine_warmup,0.16760121028534364,1024,4,3,adam,3.0,0.00016716102721854847,0.6167984693877552,,,,PRUNED
83,0.8873852040816327,2026-04-20 19:44:42.584239,2026-04-20 19:44:57.025874,0 days 00:00:14.441635,0.2969922093726094,2048,2.8160026364799366e-05,cosine,0.5706279737536137,256,4,10,adam,,5.8155021907851514e-06,0.8873852040816327,,,,PRUNED
84,0.6914795918367347,2026-04-20 19:44:57.168699,2026-04-20 19:45:03.442825,0 days 00:00:06.274126,0.43194271235819487,4096,5.160841890939078e-05,cosine_warmup,0.29675695674677327,1024,16,4,adam,3.0,0.0005299568079248641,0.6914795918367347,,,,PRUNED
85,0.9117729591836735,2026-04-20 19:45:03.600929,2026-04-20 19:45:16.260269,0 days 00:00:12.659340,0.3583787773590904,4096,5.2024028709509076e-05,constant,0.145855132680233,256,4,5,adam,,0.00595305003026366,0.8734311224489795,0.9117729591836735,,,PRUNED
86,0.7844515306122449,2026-04-20 19:45:16.433318,2026-04-20 19:45:51.652205,0 days 00:00:35.218887,0.21912960678043436,2048,0.0009655119314122646,cosine,0.40537548305388654,128,8,10,adam,,1.2171979721951867e-05,0.7844515306122449,,,,PRUNED
87,0.7697704081632653,2026-04-20 19:45:51.826919,2026-04-20 19:46:01.791228,0 days 00:00:09.964309,0.21515747591058842,3072,1.8558308010674574e-05,cosine,0.5752528459319179,256,8,12,adam,,7.446204952577616e-05,0.7697704081632653,,,,PRUNED
88,0.631734693877551,2026-04-20 19:46:01.973738,2026-04-20 19:46:08.613614,0 days 00:00:06.639876,0.08617668205844022,1024,6.988540093441096e-05,cosine_warmup,0.49765636056284424,512,8,11,adamw,3.0,0.001848175599508498,0.631734693877551,,,,PRUNED
89,0.9386479591836735,2026-04-20 19:46:08.777758,2026-04-20 19:48:20.270424,0 days 00:02:11.492666,0.1296221738292831,4096,0.0001990225656393737,cosine,0.4416241529503018,256,4,10,adam,,5.3834025823306845e-05,0.9386479591836735,,,,PRUNED
90,0.8691581632653061,2026-04-20 19:48:20.468672,2026-04-20 19:48:35.038019,0 days 00:00:14.569347,0.15975771693912777,2048,0.00033888424695628145,cosine,0.27599965250104275,256,8,10,adamw,,1.3888706285522375e-05,0.8691581632653061,,,,PRUNED
91,0.9177423469387755,2026-04-20 19:48:35.207595,2026-04-20 19:49:04.246368,0 days 00:00:29.038773,0.3420860765788941,4096,4.5495507120629524e-05,cosine_warmup,0.180840454351614,1024,4,2,adamw,8.0,0.0010781323033475648,0.9177423469387755,,,,PRUNED
92,0.7790816326530612,2026-04-20 19:49:04.383348,2026-04-20 19:49:12.703517,0 days 00:00:08.320169,0.007027495278348013,2048,0.0001588991657505646,cosine_warmup,0.3475097498671082,128,8,12,adam,3.0,0.00035444820174094116,0.7790816326530612,,,,PRUNED
93,0.5848979591836735,2026-04-20 19:49:12.873195,2026-04-20 19:49:19.431179,0 days 00:00:06.557984,0.5503233083327832,4096,2.849525205469672e-05,cosine_warmup,0.1106291849691951,1024,4,5,adam,10.0,0.0008951558519395137,0.5848979591836735,,,,PRUNED
94,0.9027423469387755,2026-04-20 19:49:19.579476,2026-04-20 19:49:33.912595,0 days 00:00:14.333119,0.19589040172282607,2048,6.877196004729632e-05,cosine,0.3390337090479033,256,8,10,adam,,1.316694651128541e-05,0.8737627551020408,0.9027423469387755,,,PRUNED
95,0.8958673469387755,2026-04-20 19:49:34.085987,2026-04-20 19:49:46.091077,0 days 00:00:12.005090,0.08624980012266426,1024,1.9497107134735433e-05,cosine,0.24337316964314198,256,8,9,adam,,0.00026549010850237685,0.8513647959183672,0.8958673469387755,,,PRUNED
96,0.9512755102040816,2026-04-20 19:49:46.264600,2026-04-20 19:51:42.596110,0 days 00:01:56.331510,0.34879672907200454,1024,0.0003708215956268205,cosine_warmup,0.39164842211844514,1024,4,7,adam,7.0,0.002954339465196583,0.9492091836734693,,,,COMPLETE
97,0.7852933673469388,2026-04-20 19:51:42.729794,2026-04-20 19:51:48.824488,0 days 00:00:06.094694,0.4446824042298537,1024,0.0002601686443394241,cosine_warmup,0.46082203608808747,1024,4,7,adam,7.0,0.0014208610713968895,0.7852933673469388,,,,PRUNED
98,0.9509183673469388,2026-04-20 19:51:48.978815,2026-04-20 19:54:26.330319,0 days 00:02:37.351504,0.06090895823662282,2048,8.811505673015893e-05,cosine_warmup,0.28574728324417076,512,4,12,adam,7.0,0.001365635272983607,0.9471938775510204,,,,COMPLETE
99,0.9521938775510204,2026-04-20 19:54:26.476361,2026-04-20 19:56:47.791301,0 days 00:02:21.314940,0.05481700533402252,2048,4.6433791749394055e-05,cosine_warmup,0.27237182638257634,512,4,10,adam,7.0,0.0012599794317644558,0.9487244897959184,,,,COMPLETE
100,0.6805102040816327,2026-04-20 19:56:47.937278,2026-04-20 19:56:56.340279,0 days 00:00:08.403001,0.0035455562457651565,2048,0.00012635936851996301,cosine_warmup,0.24995226114435534,512,4,12,adam,7.0,0.0013863208282782445,0.6805102040816327,,,,PRUNED
101,0.8708673469387755,2026-04-20 19:56:56.526517,2026-04-20 19:57:08.452795,0 days 00:00:11.926278,0.3528370761855998,1024,0.0006906475156899109,cosine_warmup,0.24682612227845716,512,4,6,adam,7.0,0.0012200818060572158,0.8708673469387755,,,,PRUNED
102,0.9328316326530612,2026-04-20 19:57:08.597501,2026-04-20 19:57:37.962453,0 days 00:00:29.364952,0.14709953516425853,1024,0.0002644065127800681,cosine_warmup,0.31584755606974524,1024,16,9,adam,7.0,0.008501157764860384,0.9083928571428571,0.9328316326530612,,,PRUNED
103,0.8808163265306121,2026-04-20 19:57:38.109991,2026-04-20 19:57:53.271889,0 days 00:00:15.161898,0.1997570626768251,2048,1.5412151563903962e-05,cosine,0.5305348637478511,256,8,11,adamw,,6.991710732400413e-06,0.8808163265306121,,,,PRUNED
104,0.8670280612244897,2026-04-20 19:57:53.440879,2026-04-20 19:58:12.669565,0 days 00:00:19.228686,0.2643630134187657,4096,5.106154670778648e-05,cosine_warmup,0.3177064380722902,512,4,10,adam,7.0,9.602401066211145e-05,0.8670280612244897,,,,PRUNED
105,0.8360969387755101,2026-04-20 19:58:12.873156,2026-04-20 19:58:25.583531,0 days 00:00:12.710375,0.16655345556169887,2048,0.00015448326819478056,cosine_warmup,0.3119006668183134,128,4,8,adam,8.0,0.00032030193807270507,0.8360969387755101,,,,PRUNED
106,0.6258992346938775,2026-04-20 19:58:25.735079,2026-04-20 19:58:41.556171,0 days 00:00:15.821092,0.20979610617961741,3072,0.0005488494899493374,constant,0.35974559318674315,1024,8,9,adam,,0.00015597509916897266,0.6258992346938775,,,,PRUNED
107,0.6696173469387755,2026-04-20 19:58:41.728100,2026-04-20 19:58:47.796886,0 days 00:00:06.068786,0.4461473311047596,2048,0.0001226667352040142,cosine_warmup,0.2533624985870859,1024,4,3,adam,6.0,0.0050820803909563134,0.6696173469387755,,,,PRUNED
108,0.8620535714285714,2026-04-20 19:58:47.942191,2026-04-20 19:59:02.690473,0 days 00:00:14.748282,0.41693013144674373,3072,0.00036246114347463285,cosine_warmup,0.24182646273410566,256,4,8,adam,6.0,0.008802086997035979,0.8620535714285714,,,,PRUNED
109,0.9270663265306123,2026-04-20 19:59:02.845256,2026-04-20 19:59:39.996128,0 days 00:00:37.150872,0.08365184412798687,2048,2.3784746368807007e-05,cosine,0.373320602482298,512,4,11,adam,,0.003018420991519713,0.8966454081632652,0.9270663265306123,,,PRUNED
110,0.6512244897959184,2026-04-20 19:59:40.161430,2026-04-20 19:59:52.807759,0 days 00:00:12.646329,0.015360230908673236,1024,0.003306241364239848,constant,0.23770099093593808,1024,8,11,adam,,0.0013146844728848157,0.6512244897959184,,,,PRUNED
111,0.6495535714285714,2026-04-20 19:59:52.968109,2026-04-20 19:59:59.606133,0 days 00:00:06.638024,0.07844358390102196,1024,0.00019976348680648034,cosine_warmup,0.4479685142216807,512,4,11,adam,8.0,0.0038630839085083903,0.6495535714285714,,,,PRUNED
112,0.9499617346938776,2026-04-20 19:59:59.763318,2026-04-20 20:02:28.254372,0 days 00:02:28.491054,0.02459034995641704,2048,2.5443380089613138e-05,cosine_warmup,0.25834384793209164,512,8,11,adamw,7.0,0.0018454792584555923,0.9476275510204083,,,,COMPLETE
113,0.8993622448979592,2026-04-20 20:02:28.391988,2026-04-20 20:02:40.236719,0 days 00:00:11.844731,0.5751034506891448,1024,0.0016657443182840198,cosine_warmup,0.24381403771693327,256,4,6,adam,7.0,0.0005815636707680062,0.8465688775510203,0.8993622448979592,,,PRUNED
114,0.6558418367346939,2026-04-20 20:02:40.364781,2026-04-20 20:02:52.995881,0 days 00:00:12.631100,0.07476501243594907,2048,1.1140973993478102e-05,cosine_warmup,0.1873812042465137,512,8,8,adamw,7.0,0.005952958914564786,0.6558418367346939,,,,PRUNED
115,0.6578571428571428,2026-04-20 20:02:53.153809,2026-04-20 20:03:01.442141,0 days 00:00:08.288332,0.03500263493615688,2048,7.391290721688754e-05,cosine_warmup,0.31572118381183456,512,8,12,adamw,6.0,0.0011013615861488375,0.6578571428571428,,,,PRUNED
116,0.8232015306122449,2026-04-20 20:03:01.614592,2026-04-20 20:03:48.154359,0 days 00:00:46.539767,0.027953572835504537,3072,0.0008709486297135461,cosine,0.3335466818114984,256,8,12,adam,,3.0692815661121343e-06,0.8232015306122449,,,,PRUNED
117,0.9217346938775509,2026-04-20 20:03:48.341424,2026-04-20 20:04:28.817827,0 days 00:00:40.476403,0.1447683246340787,2048,0.00020624099195698325,cosine_warmup,0.18213150040026016,512,16,12,adam,8.0,8.026285803195176e-05,0.9217346938775509,,,,PRUNED
118,0.5815051020408164,2026-04-20 20:04:29.022478,2026-04-20 20:04:35.228782,0 days 00:00:06.206304,0.14766319603291325,4096,2.212176129941872e-05,cosine_warmup,0.1570645279197612,1024,4,4,adam,7.0,0.0006446807263982306,0.5815051020408164,,,,PRUNED
119,0.6135459183673471,2026-04-20 20:04:35.385923,2026-04-20 20:04:41.485881,0 days 00:00:06.099958,0.28952109623784883,4096,7.804048693974603e-05,cosine_warmup,0.15634996070009427,1024,8,2,adam,6.0,0.00277923262956442,0.6135459183673471,,,,PRUNED
120,0.9490433673469388,2026-04-20 20:04:41.648493,2026-04-20 20:06:38.947602,0 days 00:01:57.299109,0.18000363145170262,1024,0.00030213608321938526,cosine_warmup,0.40889627706729,1024,4,8,adam,8.0,0.00020887344718089362,0.9370918367346939,0.9501020408163265,,,COMPLETE
121,0.931798469387755,2026-04-20 20:06:39.095344,2026-04-20 20:07:08.799114,0 days 00:00:29.703770,0.4644036516324136,1024,0.000727894647865255,cosine_warmup,0.30625070320485154,256,4,10,adam,8.0,0.006393386588300113,0.931798469387755,,,,PRUNED
122,0.9414923469387755,2026-04-20 20:07:08.930503,2026-04-20 20:08:30.017076,0 days 00:01:21.086573,0.1877013774572765,1024,0.00013109872278615255,constant,0.3568285614784769,1024,4,7,adam,,0.001136499072030658,0.9190561224489796,0.9352678571428571,0.9414923469387755,,PRUNED
123,0.9313265306122449,2026-04-20 20:08:30.145963,2026-04-20 20:08:59.278745,0 days 00:00:29.132782,0.24350041612337459,1024,0.001354855971499847,cosine_warmup,0.4751726843324897,1024,4,8,adam,8.0,0.0004734086098766603,0.9313265306122449,,,,PRUNED
124,0.9113010204081633,2026-04-20 20:08:59.441198,2026-04-20 20:09:49.517381,0 days 00:00:50.076183,0.14744987151212458,4096,1.2294931125307108e-05,cosine_warmup,0.20997672249902144,512,8,11,adamw,8.0,0.0011446087445696192,0.9113010204081633,,,,PRUNED
125,0.9312882653061225,2026-04-20 20:09:49.710309,2026-04-20 20:10:25.682006,0 days 00:00:35.971697,0.08950892083557237,3072,0.00012166727871130694,constant,0.17649633666740006,512,8,8,adam,,1.824348583748399e-05,0.9312882653061225,,,,PRUNED
126,0.7646301020408163,2026-04-20 20:10:25.869563,2026-04-20 20:10:32.089355,0 days 00:00:06.219792,0.22562878375598536,1024,0.00012123341048056911,cosine_warmup,0.43021752645160605,1024,4,8,adamw,7.0,0.00013309659496829666,0.7646301020408163,,,,PRUNED
127,0.6422448979591837,2026-04-20 20:10:32.257881,2026-04-20 20:10:39.885138,0 days 00:00:07.627257,0.20555864157852413,2048,4.924408841887597e-05,cosine_warmup,0.49180050199154224,256,8,10,adam,9.0,5.7948848459219036e-05,0.6422448979591837,,,,PRUNED
128,0.9456249999999999,2026-04-20 20:10:40.055895,2026-04-20 20:12:32.413577,0 days 00:01:52.357682,0.16681863177813344,2048,0.0003136268647249366,cosine,0.37200269002927977,1024,8,12,adam,,2.2153992476028782e-05,0.9456249999999999,,,,PRUNED
129,0.9319132653061225,2026-04-20 20:12:32.591923,2026-04-20 20:13:04.057911,0 days 00:00:31.465988,0.13071501881736328,2048,4.4172776678971845e-05,constant,0.33562287010191383,512,4,8,adam,,0.00014063244281325277,0.862563775510204,0.9130229591836735,0.9319132653061225,,PRUNED
130,0.9277551020408163,2026-04-20 20:13:04.211398,2026-04-20 20:13:37.554215,0 days 00:00:33.342817,0.1986831195044543,2048,6.44857582025758e-05,cosine_warmup,0.411719646277677,1024,4,9,adam,7.0,0.002684008304964595,0.9277551020408163,,,,PRUNED
131,0.9334056122448979,2026-04-20 20:13:37.729612,2026-04-20 20:14:06.993232,0 days 00:00:29.263620,0.36428526416074863,1024,0.00015582063607988623,cosine_warmup,0.25588190797117166,1024,4,6,adam,8.0,0.0031837446340315097,0.8963775510204082,0.9334056122448979,,,PRUNED
132,0.8166836734693877,2026-04-20 20:14:07.158101,2026-04-20 20:14:19.096646,0 days 00:00:11.938545,0.3549802199982631,4096,0.0005788085937911691,cosine_warmup,0.22102956354600384,1024,4,3,adam,3.0,6.114347177015397e-05,0.8166836734693877,,,,PRUNED
133,0.9162244897959184,2026-04-20 20:14:19.260813,2026-04-20 20:14:49.231408,0 days 00:00:29.970595,0.12461136231086392,1024,1.4423120681311465e-05,cosine_warmup,0.2510732127162874,256,8,10,adam,5.0,0.00040833768896310823,0.9162244897959184,,,,PRUNED
134,0.7702933673469389,2026-04-20 20:14:49.382591,2026-04-20 20:15:01.379526,0 days 00:00:11.996935,0.3769442504532855,4096,1.3850131318860023e-05,cosine,0.12396365154251288,128,4,3,adam,,0.0013508977145729778,0.7702933673469389,,,,PRUNED
135,0.8776658163265306,2026-04-20 20:15:01.547648,2026-04-20 20:15:13.611802,0 days 00:00:12.064154,0.19954662939859097,1024,3.755220195063057e-05,cosine_warmup,0.42326107738750074,1024,4,8,adam,3.0,0.00013146781295373438,0.8776658163265306,,,,PRUNED
136,0.646594387755102,2026-04-20 20:15:13.771447,2026-04-20 20:15:20.128461,0 days 00:00:06.357014,0.09285862294340382,1024,7.209093339021387e-05,cosine_warmup,0.39339747882826637,256,8,9,adamw,4.0,0.007192653351046493,0.646594387755102,,,,PRUNED
137,0.7432525510204083,2026-04-20 20:15:20.291108,2026-04-20 20:15:28.018531,0 days 00:00:07.727423,0.05989320134297141,2048,4.817226778722466e-05,cosine_warmup,0.23338816351852257,1024,4,10,adam,3.0,8.719347017964934e-05,0.7432525510204083,,,,PRUNED
138,0.9544387755102042,2026-04-20 20:15:28.230739,2026-04-20 20:17:30.275936,0 days 00:02:02.045197,0.2633531458161589,1024,0.0003240099597356709,constant,0.16771171324811882,128,8,10,adam,,9.62035565367408e-05,0.9526530612244898,,,,COMPLETE
139,0.6475382653061224,2026-04-20 20:17:30.451986,2026-04-20 20:17:39.099350,0 days 00:00:08.647364,0.14817492618740183,2048,0.0001035949634868781,cosine_warmup,0.25771009874293993,512,8,12,adam,9.0,0.0001973384333989471,0.6475382653061224,,,,PRUNED
140,0.5133992346938775,2026-04-20 20:17:39.264618,2026-04-20 20:17:45.723964,0 days 00:00:06.459346,0.15867546445728936,1024,0.0015841384462040307,constant,0.13449511382094576,128,8,9,adam,,0.0004663748305616755,0.5133992346938775,,,,PRUNED
141,0.6446428571428571,2026-04-20 20:17:45.893190,2026-04-20 20:17:52.167307,0 days 00:00:06.274117,0.2901585030171482,4096,0.0016751281477163094,constant,0.12399448425943169,1024,4,2,adam,,0.00427587783633294,0.6446428571428571,,,,PRUNED
142,0.9304209183673469,2026-04-20 20:17:52.350515,2026-04-20 20:18:22.267472,0 days 00:00:29.916957,0.31899903019089887,1024,0.00021995828483737599,constant,0.16062671584316413,128,8,10,adam,,0.00014497534809961178,0.9054591836734694,0.9304209183673469,,,PRUNED
143,0.9025255102040818,2026-04-20 20:18:22.424240,2026-04-20 20:18:36.952892,0 days 00:00:14.528652,0.08316712975524766,2048,2.3146627084606587e-05,constant,0.31076675445580143,1024,8,10,adamw,,0.0007976387745298718,0.8702423469387756,0.9025255102040818,,,PRUNED
144,0.6551147959183674,2026-04-20 20:18:37.109734,2026-04-20 20:18:45.491169,0 days 00:00:08.381435,0.2819279733155622,2048,7.4186297929739e-05,cosine_warmup,0.28154787300067086,512,4,12,adam,4.0,0.009056308647214368,0.6551147959183674,,,,PRUNED
145,0.9302678571428571,2026-04-20 20:18:45.668165,2026-04-20 20:19:25.411525,0 days 00:00:39.743360,0.1349385561981486,2048,2.481755699381767e-05,cosine,0.5357882500467012,256,8,12,adam,,1.153393676223603e-05,0.9302678571428571,,,,PRUNED
146,0.8254081632653061,2026-04-20 20:19:25.587520,2026-04-20 20:19:38.868374,0 days 00:00:13.280854,0.03696992983416493,2048,3.1661207824974156e-05,cosine_warmup,0.26291328722171503,256,8,8,adamw,7.0,0.000934432301617245,0.8254081632653061,,,,PRUNED
147,0.9006377551020407,2026-04-20 20:19:39.038536,2026-04-20 20:19:55.521258,0 days 00:00:16.482722,0.27566815214142126,2048,6.180260405855983e-05,constant,0.48773277543774474,256,8,12,adam,,3.1085107816807354e-06,0.8473852040816326,0.9006377551020407,,,PRUNED
148,0.9521301020408164,2026-04-20 20:19:55.706544,2026-04-20 20:21:53.949459,0 days 00:01:58.242915,0.17931809462688963,1024,0.0005570290677887123,cosine,0.39841602051756453,128,4,9,adam,,7.073195054568212e-05,0.9493239795918367,,,,COMPLETE
149,0.8029846938775511,2026-04-20 20:21:54.088794,2026-04-20 20:22:01.828297,0 days 00:00:07.739503,0.42914320583502297,3072,0.00010285397979311844,cosine_warmup,0.15912132933649034,128,8,8,adam,6.0,5.7540724878543415e-05,0.8029846938775511,,,,PRUNED
150,0.8109821428571429,2026-04-20 20:22:02.005925,2026-04-20 20:22:31.347838,0 days 00:00:29.341913,0.19452157716000912,1024,0.0006557180281756549,cosine,0.3326401342208651,128,4,8,adam,,5.6489392899153175e-05,0.8109821428571429,,,,PRUNED
151,0.5195918367346939,2026-04-20 20:22:31.511340,2026-04-20 20:22:39.908291,0 days 00:00:08.396951,0.15260368856692025,2048,0.003677975484132479,constant,0.18653599772249224,512,8,12,adam,,0.00035109343269523367,0.5195918367346939,,,,PRUNED
152,0.6457270408163266,2026-04-20 20:22:40.084013,2026-04-20 20:22:47.146768,0 days 00:00:07.062755,0.13916789836869825,1024,0.0003360243269112707,cosine_warmup,0.5186155599701087,128,4,12,adam,3.0,1.2182301146082219e-05,0.6457270408163266,,,,PRUNED
153,0.8734821428571429,2026-04-20 20:22:47.308649,2026-04-20 20:23:09.520130,0 days 00:00:22.211481,0.005563819889199531,4096,2.7287717284746584e-05,cosine_warmup,0.10001555938976983,256,4,12,adam,8.0,6.597580242751486e-05,0.8734821428571429,,,,PRUNED
154,0.7854719387755101,2026-04-20 20:23:09.710756,2026-04-20 20:23:16.122042,0 days 00:00:06.411286,0.13985094041429072,1024,0.00019333695067224512,cosine,0.5072413763033345,128,4,10,adamw,,7.156489730199572e-05,0.7854719387755101,,,,PRUNED
155,0.7514030612244899,2026-04-20 20:23:16.287784,2026-04-20 20:23:23.506032,0 days 00:00:07.218248,0.08571497180428826,3072,0.00011985563918046187,cosine_warmup,0.36394078448452727,1024,4,7,adam,3.0,6.926998933026061e-05,0.7514030612244899,,,,PRUNED
156,0.795484693877551,2026-04-20 20:23:23.679580,2026-04-20 20:23:55.238883,0 days 00:00:31.559303,0.20526701954190227,1024,0.0012348230999307873,cosine,0.39642434671349064,512,4,11,adam,,8.091123741655233e-05,0.795484693877551,,,,PRUNED
157,0.6041581632653061,2026-04-20 20:23:55.405681,2026-04-20 20:24:02.441826,0 days 00:00:07.036145,0.01937379691867188,1024,7.39989000779359e-05,cosine_warmup,0.3380691070150308,512,8,12,adam,4.0,0.0010487924923766286,0.6041581632653061,,,,PRUNED
158,0.7869642857142856,2026-04-20 20:24:02.597914,2026-04-20 20:24:19.353153,0 days 00:00:16.755239,0.044767021821642786,2048,4.2846400082185686e-05,cosine_warmup,0.22765513954394243,512,16,12,adam,9.0,0.0048872324120608065,0.7869642857142856,,,,PRUNED
159,0.7573341836734694,2026-04-20 20:24:19.523020,2026-04-20 20:24:32.650941,0 days 00:00:13.127921,0.13776880942815306,2048,2.7648118105919047e-05,cosine_warmup,0.30300393052363406,512,4,8,adam,7.0,0.0008886529412240831,0.7573341836734694,,,,PRUNED
160,0.631422193877551,2026-04-20 20:24:32.820253,2026-04-20 20:24:39.064140,0 days 00:00:06.243887,0.23704051605573523,1024,0.001277573674189476,cosine,0.4947198080770955,256,4,6,adam,,2.2713647475499594e-05,0.631422193877551,,,,PRUNED
161,0.9429464285714285,2026-04-20 20:24:39.219526,2026-04-20 20:26:11.028847,0 days 00:01:31.809321,0.015464998548004052,1024,0.0004796720927740061,constant,0.3930203678304957,1024,8,12,adam,,1.5328292646457123e-05,0.9322704081632652,0.9429464285714285,,,PRUNED
162,0.7534821428571429,2026-04-20 20:26:11.181385,2026-04-20 20:26:17.263255,0 days 00:00:06.081870,0.2916116835327857,4096,0.0003262069165702845,cosine_warmup,0.12297292787427308,1024,4,2,adam,5.0,0.009034377255612475,0.7534821428571429,,,,PRUNED
163,0.6510076530612244,2026-04-20 20:26:17.398898,2026-04-20 20:26:23.593140,0 days 00:00:06.194242,0.12393286404575818,1024,0.001173662043706098,constant,0.2229732256033623,1024,4,8,adam,,4.9554422688817426e-05,0.6510076530612244,,,,PRUNED
164,0.6767729591836734,2026-04-20 20:26:23.750390,2026-04-20 20:26:52.985635,0 days 00:00:29.235245,0.048246877995131755,1024,0.001858277945119672,constant,0.1710769016928456,1024,8,9,adamw,,2.2363601742260975e-05,0.6767729591836734,,,,PRUNED
165,0.7961288265306122,2026-04-20 20:26:53.143528,2026-04-20 20:26:59.447053,0 days 00:00:06.303525,0.11429399325506048,1024,0.00034032767502416197,constant,0.19764931552672238,512,8,10,adam,,5.416678540495145e-05,0.7961288265306122,,,,PRUNED
166,0.8670663265306124,2026-04-20 20:26:59.610832,2026-04-20 20:27:15.412019,0 days 00:00:15.801187,0.3256051368744258,3072,0.00031974493533217375,cosine_warmup,0.3969430393462,1024,4,9,adam,3.0,0.008749178633486203,0.8670663265306124,,,,PRUNED
167,0.944438775510204,2026-04-20 20:27:15.584994,2026-04-20 20:28:36.611717,0 days 00:01:21.026723,0.20714598305465184,1024,0.0002762942895826661,cosine,0.37508928826923765,1024,4,9,adam,,5.000945065127697e-06,0.9394642857142858,0.944438775510204,,,PRUNED
168,0.9451913265306122,2026-04-20 20:28:36.775603,2026-04-20 20:29:57.076357,0 days 00:01:20.300754,0.022988916680707627,1024,0.0008575334483760634,constant,0.23514887319609884,1024,8,5,adam,,2.5881779460212075e-05,0.934579081632653,0.9451913265306122,,,PRUNED
169,0.8383418367346938,2026-04-20 20:29:57.241905,2026-04-20 20:30:09.142560,0 days 00:00:11.900655,0.39195805288686036,1024,0.0002885016766125416,cosine,0.5188749259688368,128,4,9,adam,,0.0005615843886554798,0.8383418367346938,,,,PRUNED
170,0.9042729591836733,2026-04-20 20:30:09.298373,2026-04-20 20:30:21.297228,0 days 00:00:11.998855,0.25229741163784664,3072,7.169423027203182e-05,constant,0.20937551134742544,1024,8,5,adam,,0.00018697120050438794,0.8694005102040817,0.9042729591836733,,,PRUNED
171,0.7170216836734694,2026-04-20 20:30:21.462453,2026-04-20 20:30:36.719571,0 days 00:00:15.257118,0.09347123874420676,4096,0.0006462346439634377,constant,0.19559278646921935,1024,8,7,adam,,1.8333022283081403e-06,0.7170216836734694,,,,PRUNED
172,0.9111989795918367,2026-04-20 20:30:36.896137,2026-04-20 20:30:53.839113,0 days 00:00:16.942976,0.42669153702546714,4096,0.0002639834146903952,cosine_warmup,0.1592869805808974,1024,16,8,adam,4.0,0.005320579087962067,0.8367857142857144,0.9111989795918367,,,PRUNED
173,0.9014668367346939,2026-04-20 20:30:54.033671,2026-04-20 20:31:06.055753,0 days 00:00:12.022082,0.026297161048190052,1024,0.0009732956659856823,cosine_warmup,0.36667342166881,256,8,9,adam,4.0,0.00025776435939978316,0.8329209183673469,0.9014668367346939,,,PRUNED
174,0.9485841836734694,2026-04-20 20:31:06.205673,2026-04-20 20:32:26.761104,0 days 00:01:20.555431,0.12088950377673395,1024,0.0003103978293730503,cosine_warmup,0.4308493018553975,1024,4,5,adam,4.0,5.5879847661233175e-06,0.9171938775510204,0.9380739795918368,0.9485841836734694,,PRUNED
175,0.766377551020408,2026-04-20 20:32:26.913238,2026-04-20 20:32:33.100441,0 days 00:00:06.187203,0.20057667843550578,1024,0.002140805649431293,cosine_warmup,0.4916733391199441,1024,8,7,adam,5.0,3.7977642956171296e-06,0.766377551020408,,,,PRUNED
176,0.9459438775510205,2026-04-20 20:32:33.265061,2026-04-20 20:33:54.033449,0 days 00:01:20.768388,0.24054729298315183,2048,0.00013016550337304508,cosine_warmup,0.4523018920041008,1024,4,4,adam,3.0,3.237645579179152e-06,0.8819515306122448,0.9359566326530612,0.9459438775510205,,PRUNED
177,0.9443622448979592,2026-04-20 20:33:54.164626,2026-04-20 20:35:14.551078,0 days 00:01:20.386452,0.08805589011024115,1024,0.00034551816035669494,cosine_warmup,0.3242988454524983,1024,4,5,adam,7.0,1.348289689997824e-06,0.9115561224489797,0.9404974489795919,0.9443622448979592,,PRUNED
178,0.9440051020408163,2026-04-20 20:35:14.700684,2026-04-20 20:36:33.900004,0 days 00:01:19.199320,0.12857253983274985,1024,0.0001471618495822245,cosine_warmup,0.5852255404058792,1024,4,2,adam,4.0,1.714577923185252e-06,0.9377933673469387,0.9440051020408163,,,PRUNED
179,0.9540688775510204,2026-04-20 20:36:34.059576,2026-04-20 20:38:30.981929,0 days 00:01:56.922353,0.17368010398336428,1024,0.00026777645380258905,cosine_warmup,0.44438898266377325,1024,16,6,adam,10.0,7.079781318529977e-06,0.9360204081632653,0.9525127551020408,,,COMPLETE
180,0.9049362244897958,2026-04-20 20:38:31.110800,2026-04-20 20:38:44.736574,0 days 00:00:13.625774,0.26181580655566394,3072,0.00018912874199034552,constant,0.10497178868901949,128,8,7,adam,,0.00014860208911338194,0.8353571428571428,0.9049362244897958,,,PRUNED
181,0.9338010204081633,2026-04-20 20:38:44.887813,2026-04-20 20:39:13.582795,0 days 00:00:28.694982,0.13415899992570415,1024,0.0006801573780154433,cosine_warmup,0.5101472333111974,1024,16,3,adam,10.0,2.1740036311521225e-05,0.9078571428571428,0.9338010204081633,,,PRUNED
182,0.9310586734693878,2026-04-20 20:39:13.710011,2026-04-20 20:39:43.378321,0 days 00:00:29.668310,0.06065022959771721,1024,0.0013925888255842444,cosine_warmup,0.37176279129166906,1024,4,10,adam,10.0,2.023090196291917e-05,0.9310586734693878,,,,PRUNED
183,0.9331887755102041,2026-04-20 20:39:43.555689,2026-04-20 20:40:12.557319,0 days 00:00:29.001630,0.22180530505401644,1024,0.0002546273588342078,cosine_warmup,0.4365015821639182,512,16,5,adam,10.0,5.549042975690927e-05,0.9331887755102041,,,,PRUNED
184,0.9466326530612243,2026-04-20 20:40:12.703882,2026-04-20 20:41:33.082738,0 days 00:01:20.378856,0.09850544018943229,1024,0.00016723021078162207,cosine_warmup,0.3588269390961646,1024,16,7,adam,9.0,1.4064445752749927e-05,0.9348852040816327,0.9466326530612243,,,PRUNED
185,0.9287627551020408,2026-04-20 20:41:33.241857,2026-04-20 20:42:02.354279,0 days 00:00:29.112422,0.016169472450652783,1024,4.39205778042167e-05,cosine_warmup,0.2960983863506314,1024,16,6,adam,9.0,2.4342043172548515e-05,0.9287627551020408,,,,PRUNED
186,0.7939668367346938,2026-04-20 20:42:02.512672,2026-04-20 20:42:15.224765,0 days 00:00:12.712093,0.18943746413575802,1024,0.00037905681015066033,cosine,0.5395505606924367,128,4,11,adam,,2.853211984741738e-05,0.7939668367346938,,,,PRUNED
187,0.9275382653061225,2026-04-20 20:42:15.382941,2026-04-20 20:42:44.545074,0 days 00:00:29.162133,0.09720265034801695,2048,6.0698016416747147e-05,cosine_warmup,0.5999652347225622,1024,16,6,adam,9.0,3.6297806593237735e-06,0.9275382653061225,,,,PRUNED
188,0.7585714285714287,2026-04-20 20:42:44.699967,2026-04-20 20:43:26.085403,0 days 00:00:41.385436,0.1091296357260404,4096,0.0027049833636456915,cosine_warmup,0.23735490455736877,1024,16,8,adam,10.0,1.8354936200328064e-05,0.894859693877551,0.7585714285714287,,,PRUNED
189,0.9351530612244898,2026-04-20 20:43:26.268233,2026-04-20 20:43:55.651646,0 days 00:00:29.383413,0.24067817893238463,1024,0.0003629905369679113,cosine_warmup,0.418087436943589,1024,16,7,adam,9.0,3.521184503145336e-05,0.9136607142857143,0.9351530612244898,,,PRUNED
190,0.9351275510204082,2026-04-20 20:43:55.799609,2026-04-20 20:44:24.973658,0 days 00:00:29.174049,0.29766926717046,1024,0.00016062725242439567,cosine_warmup,0.514520121217334,1024,4,7,adam,8.0,4.866643711100246e-06,0.8881249999999999,0.9351275510204082,,,PRUNED
191,0.7943494897959184,2026-04-20 20:44:25.128753,2026-04-20 20:44:32.999039,0 days 00:00:07.870286,0.1540324096585483,2048,0.0003168864083984458,cosine,0.5703047485284001,512,8,11,adam,,9.302113669122412e-06,0.7943494897959184,,,,PRUNED
192,0.613813775510204,2026-04-20 20:44:33.157681,2026-04-20 20:44:41.480342,0 days 00:00:08.322661,0.023055538534664882,2048,1.6693104747848515e-05,cosine_warmup,0.2695833184555197,1024,8,12,adamw,8.0,0.0023681623505747897,0.613813775510204,,,,PRUNED
193,0.7123214285714285,2026-04-20 20:44:41.654249,2026-04-20 20:44:48.907682,0 days 00:00:07.253433,0.20584558153895216,3072,0.00015765761417103625,cosine_warmup,0.3448813493809745,1024,16,7,adam,7.0,1.998137701335014e-06,0.7123214285714285,,,,PRUNED
194,0.657295918367347,2026-04-20 20:44:49.082590,2026-04-20 20:44:56.122616,0 days 00:00:07.040026,0.01333993735628303,2048,0.00019635218632172,cosine_warmup,0.24841312921286826,512,8,9,adam,10.0,0.00219020510425771,0.657295918367347,,,,PRUNED
195,0.7699426020408163,2026-04-20 20:44:56.274639,2026-04-20 20:45:10.658649,0 days 00:00:14.384010,0.06359414777813137,2048,0.0007925076945693173,cosine,0.19093045972664485,256,8,10,adam,,8.13730930411354e-05,0.7699426020408163,,,,PRUNED
196,0.9308801020408164,2026-04-20 20:45:10.828885,2026-04-20 20:45:40.046616,0 days 00:00:29.217731,0.09276321583531495,1024,0.0011450426009589477,cosine_warmup,0.49083285240412,1024,4,6,adam,3.0,1.0804086601646551e-05,0.905701530612245,0.9308801020408164,,,PRUNED
197,0.787704081632653,2026-04-20 20:45:40.188791,2026-04-20 20:45:47.073447,0 days 00:00:06.884656,0.29196876451808973,1024,0.0005480070008776621,cosine,0.17369023367365086,128,8,12,adam,,1.8100309957790028e-05,0.787704081632653,,,,PRUNED
198,0.946811224489796,2026-04-20 20:45:47.234779,2026-04-20 20:47:07.626758,0 days 00:01:20.391979,0.14360418902708255,1024,0.0014136015083371068,cosine_warmup,0.358564928139948,1024,16,7,adam,6.0,2.667022509369892e-06,0.946811224489796,,,,PRUNED
199,0.8108163265306121,2026-04-20 20:47:07.785972,2026-04-20 20:47:14.327450,0 days 00:00:06.541478,0.12379913376161558,1024,0.00018418763471801577,cosine_warmup,0.3332549064050436,1024,16,10,adam,6.0,3.7578898300052887e-06,0.8108163265306121,,,,PRUNED
200,0.793686224489796,2026-04-20 20:47:14.492487,2026-04-20 20:47:20.681017,0 days 00:00:06.188530,0.08517481896592942,1024,0.0019082149407615397,cosine_warmup,0.2791771303787952,1024,16,8,adamw,6.0,6.394555450729347e-05,0.793686224489796,,,,PRUNED
201,0.9310076530612245,2026-04-20 20:47:20.833038,2026-04-20 20:47:49.703898,0 days 00:00:28.870860,0.24159931673180923,1024,5.927952959833782e-05,cosine_warmup,0.36196346791339296,1024,16,4,adam,6.0,2.0414639311114276e-06,0.9310076530612245,,,,PRUNED
202,0.898329081632653,2026-04-20 20:47:49.856924,2026-04-20 20:48:05.022193,0 days 00:00:15.165269,0.10686053104625115,2048,0.00011109594379619688,cosine,0.41966600729914927,128,4,11,adam,,4.764298823223033e-05,0.8335969387755102,0.898329081632653,,,PRUNED
203,0.795765306122449,2026-04-20 20:48:05.198583,2026-04-20 20:48:13.756535,0 days 00:00:08.557952,0.12700563923626526,4096,5.896981848679984e-05,constant,0.19826661174414756,128,8,8,adam,,1.740591593324557e-05,0.795765306122449,,,,PRUNED
204,0.742359693877551,2026-04-20 20:48:13.937307,2026-04-20 20:48:22.206453,0 days 00:00:08.269146,0.26737753138893633,2048,0.00040597528607414505,cosine,0.4862462397522013,256,8,12,adam,,2.4174727170633117e-06,0.742359693877551,,,,PRUNED
205,0.9282397959183672,2026-04-20 20:48:22.370143,2026-04-20 20:49:01.540388,0 days 00:00:39.170245,0.07604901603274938,2048,1.9526468907354957e-05,constant,0.2913866601522274,512,8,12,adam,,0.00046445626880953385,0.899591836734694,0.9282397959183672,,,PRUNED
206,0.9453954081632652,2026-04-20 20:49:01.706022,2026-04-20 20:50:31.609612,0 days 00:01:29.903590,0.18659333910767673,1024,0.001213040439665991,constant,0.16665899735985007,1024,8,12,adam,,0.0002751831452000899,0.9453954081632652,,,,PRUNED
207,0.5,2026-04-20 20:50:31.750959,2026-04-20 20:51:00.242557,0 days 00:00:28.491598,0.10731889647770979,1024,0.0053660894462807,cosine_warmup,0.2883329539311695,1024,16,6,adam,7.0,6.049415133517416e-06,0.5,,,,PRUNED
208,0.8233163265306124,2026-04-20 20:51:00.374124,2026-04-20 20:51:12.071821,0 days 00:00:11.697697,0.15732325752169454,1024,8.491706710004617e-05,cosine_warmup,0.4615523264302059,256,4,6,adam,8.0,0.007478001466377881,0.8233163265306124,,,,PRUNED
209,0.8395408163265305,2026-04-20 20:51:12.215320,2026-04-20 20:51:26.993311,0 days 00:00:14.777991,0.11299935199973248,2048,5.798392133867969e-05,cosine_warmup,0.16323695978247862,128,8,11,adamw,5.0,0.0008156589753433672,0.8395408163265305,,,,PRUNED
210,0.9302168367346938,2026-04-20 20:51:27.160968,2026-04-20 20:51:55.752221,0 days 00:00:28.591253,0.32953495485337364,1024,0.0006443242294073792,cosine_warmup,0.3799130263912377,1024,4,4,adamw,7.0,0.0037175951070490335,0.8356250000000001,0.9131887755102042,0.9302168367346938,,PRUNED
211,0.6089285714285715,2026-04-20 20:51:55.884091,2026-04-20 20:52:03.610119,0 days 00:00:07.726028,0.0074721667604798064,2048,4.990492103959236e-05,cosine_warmup,0.45380175281694,512,4,11,adam,9.0,0.0010369078809247618,0.6089285714285715,,,,PRUNED
212,0.695076530612245,2026-04-20 20:52:03.776569,2026-04-20 20:52:09.741889,0 days 00:00:05.965320,0.3463799836212522,1024,0.0002047331638451942,cosine_warmup,0.29213490356002847,256,4,5,adam,4.0,0.007635967900661258,0.695076530612245,,,,PRUNED
213,0.9380994897959184,2026-04-20 20:52:09.883272,2026-04-20 20:52:39.892957,0 days 00:00:30.009685,0.2864718800445128,4096,7.298359904796342e-05,cosine,0.2943889458012767,1024,4,5,adam,,0.000762104883494395,0.878048469387755,0.9155357142857142,0.9380994897959184,,PRUNED
214,0.9274234693877551,2026-04-20 20:52:40.035025,2026-04-20 20:53:22.819084,0 days 00:00:42.784059,0.25039269882133036,4096,4.479957854182753e-05,cosine_warmup,0.24884080009305307,1024,4,9,adam,4.0,0.009046582024914401,0.8928061224489796,0.9274234693877551,,,PRUNED
215,0.6614923469387755,2026-04-20 20:53:22.983204,2026-04-20 20:53:29.021458,0 days 00:00:06.038254,0.36020707053952083,4096,4.1333512502086585e-05,cosine_warmup,0.24965705122401177,1024,4,4,adam,4.0,0.0006714330832347148,0.6614923469387755,,,,PRUNED
216,0.9469642857142857,2026-04-20 20:53:29.165260,2026-04-20 20:54:47.790075,0 days 00:01:18.624815,0.2741345341837582,1024,0.0005478274792913858,constant,0.4154274313300067,1024,16,7,adam,,4.1873276469922705e-06,0.9124617346938776,0.9363775510204081,0.9469642857142857,,PRUNED
217,0.8552295918367346,2026-04-20 20:54:47.934366,2026-04-20 20:54:59.775425,0 days 00:00:11.841059,0.0690157851074444,1024,0.00041244721588791,cosine,0.43889785021236327,128,16,8,adam,,0.0004270464397866597,0.8552295918367346,,,,PRUNED
218,0.9344005102040817,2026-04-20 20:54:59.914877,2026-04-20 20:55:28.684350,0 days 00:00:28.769473,0.12677716747832793,1024,0.0008588695250650951,cosine_warmup,0.4081773366534263,1024,16,6,adam,7.0,1.212595054125197e-06,0.8558035714285714,0.9122321428571428,0.9344005102040817,,PRUNED
219,0.710561224489796,2026-04-20 20:55:28.814677,2026-04-20 20:55:34.780974,0 days 00:00:05.966297,0.3026204629066228,1024,0.0005898166287073052,constant,0.42095718422496503,1024,16,7,adam,,3.25634777605731e-05,0.710561224489796,,,,PRUNED
220,0.9337372448979592,2026-04-20 20:55:34.926758,2026-04-20 20:56:03.332378,0 days 00:00:28.405620,0.3932826915860226,1024,0.00033972124802182646,cosine,0.5017518341788005,1024,16,7,adam,,1.4407559759644797e-06,0.855140306122449,0.9130229591836735,0.9337372448979592,,PRUNED
221,0.8250255102040817,2026-04-20 20:56:03.470583,2026-04-20 20:56:10.225277,0 days 00:00:06.754694,0.23042380897267642,1024,0.0002563867520395387,constant,0.1778137511724014,128,8,12,adamw,,1.2377064725447765e-05,0.8250255102040817,,,,PRUNED
222,0.8991581632653061,2026-04-20 20:56:10.368572,2026-04-20 20:56:23.727050,0 days 00:00:13.358478,0.2595162844422682,3072,1.9849276890301563e-05,constant,0.13883527945964014,128,4,7,adam,,2.676884723743025e-06,0.8576147959183673,0.8991581632653061,,,PRUNED
223,0.8124234693877551,2026-04-20 20:56:23.883510,2026-04-20 20:56:31.903468,0 days 00:00:08.019958,0.1585700596295356,3072,9.540097394186867e-05,cosine_warmup,0.12510088272960543,128,4,9,adam,3.0,9.797042595103567e-05,0.8124234693877551,,,,PRUNED
224,0.5601913265306122,2026-04-20 20:56:32.064539,2026-04-20 20:56:38.314218,0 days 00:00:06.249679,0.09543622981909156,1024,0.001318973995928643,cosine,0.42286970436931154,128,4,10,adam,,0.00024442963644161485,0.5601913265306122,,,,PRUNED
225,0.9294897959183673,2026-04-20 20:56:38.456971,2026-04-20 20:57:07.014336,0 days 00:00:28.557365,0.007765334283901337,1024,2.6782437139713037e-05,cosine_warmup,0.299550579990012,256,8,8,adamw,4.0,0.0005399415486344925,0.9294897959183673,,,,PRUNED
226,0.7967219387755101,2026-04-20 20:57:07.149556,2026-04-20 20:57:15.694533,0 days 00:00:08.544977,0.2359787086925954,4096,0.0009117742985525486,cosine_warmup,0.5043555414622963,1024,16,8,adam,3.0,2.912390240701834e-06,0.7967219387755101,,,,PRUNED
227,0.6355165816326531,2026-04-20 20:57:15.851692,2026-04-20 20:57:21.864729,0 days 00:00:06.013037,0.2500339369577605,1024,0.001525138218261643,constant,0.4686165745212256,128,16,6,adam,,4.077383745882083e-06,0.6355165816326531,,,,PRUNED
228,0.671313775510204,2026-04-20 20:57:21.994263,2026-04-20 20:57:28.133588,0 days 00:00:06.139325,0.2713539099225045,1024,0.0003949851916274954,cosine_warmup,0.34942903710379397,128,4,8,adam,5.0,0.009117803563593686,0.671313775510204,,,,PRUNED
229,0.9447959183673469,2026-04-20 20:57:28.276350,2026-04-20 20:59:09.566132,0 days 00:01:41.289782,0.4409551461017826,4096,0.0003083418143373076,cosine_warmup,0.21635932095210064,1024,4,7,adam,6.0,0.005295738786409636,0.9018367346938776,0.9366964285714285,0.9447959183673469,,PRUNED
230,0.629234693877551,2026-04-20 20:59:09.720823,2026-04-20 20:59:16.969655,0 days 00:00:07.248832,0.022327899941298725,2048,3.104820916515456e-05,cosine_warmup,0.31006577474878705,256,4,10,adam,8.0,0.00514771611986644,0.629234693877551,,,,PRUNED
231,0.9401658163265307,2026-04-20 20:59:17.118820,2026-04-20 21:00:36.549438,0 days 00:01:19.430618,0.15526522554140285,1024,0.00022064828118855326,cosine_warmup,0.5034586651440399,256,16,6,adam,3.0,7.387995182863171e-06,0.9401658163265307,,,,PRUNED
232,0.946109693877551,2026-04-20 21:00:36.683650,2026-04-20 21:01:54.599237,0 days 00:01:17.915587,0.033449552530302726,2048,0.00011698396244050022,cosine_warmup,0.4268429282350537,1024,4,4,adam,3.0,4.07579210444302e-05,0.9361479591836734,0.946109693877551,,,PRUNED
233,0.7285586734693877,2026-04-20 21:01:54.729805,2026-04-20 21:02:00.644207,0 days 00:00:05.914402,0.06639366773504783,2048,0.0001877387449515301,cosine_warmup,0.3343762253533406,1024,4,3,adam,3.0,0.000639278368460174,0.7285586734693877,,,,PRUNED
234,0.8259948979591837,2026-04-20 21:02:00.772742,2026-04-20 21:02:16.273520,0 days 00:00:15.500778,0.0027378048654015733,2048,2.5305079858066675e-05,cosine_warmup,0.21118586545649648,512,8,12,adamw,4.0,0.005616124602454498,0.8259948979591837,,,,PRUNED
235,0.9315433673469389,2026-04-20 21:02:16.422564,2026-04-20 21:02:55.946193,0 days 00:00:39.523629,0.25107674907271826,4096,0.00034155263320250433,cosine_warmup,0.4688757891992935,1024,4,8,adam,3.0,0.0008694237269923688,0.9059821428571428,0.9315433673469389,,,PRUNED
236,0.9022193877551021,2026-04-20 21:02:56.106042,2026-04-20 21:03:12.090087,0 days 00:00:15.984045,0.0714999532841982,2048,9.19499630368495e-05,cosine,0.4427599621238716,256,16,12,adam,,2.994490349054137e-05,0.8333545918367347,0.9022193877551021,,,PRUNED
237,0.9351020408163265,2026-04-20 21:03:12.244128,2026-04-20 21:03:40.220166,0 days 00:00:27.976038,0.2612898592862079,1024,0.000322462490081708,constant,0.40820326147094155,1024,16,2,adam,,1.1431400357182553e-06,0.8650765306122449,0.9206505102040816,0.9351020408163265,,PRUNED
238,0.7591581632653063,2026-04-20 21:03:40.359255,2026-04-20 21:03:51.852700,0 days 00:00:11.493445,0.371402031993478,1024,0.0008835333364356461,cosine,0.11447972833682746,256,4,7,adam,,0.006825201093771672,0.7591581632653063,,,,PRUNED
239,0.7820790816326532,2026-04-20 21:03:51.985723,2026-04-20 21:03:58.244121,0 days 00:00:06.258398,0.21347541745016513,2048,0.0005587590706973159,constant,0.42487834681282216,1024,16,6,adam,,1.4710943355210289e-06,0.7820790816326532,,,,PRUNED
240,0.6117984693877551,2026-04-20 21:03:58.387131,2026-04-20 21:04:06.064606,0 days 00:00:07.677475,0.04527355471821516,2048,1.993108896742177e-05,cosine_warmup,0.3677918962172678,512,8,11,adam,4.0,0.0023929466864642444,0.6117984693877551,,,,PRUNED
241,0.9434821428571428,2026-04-20 21:04:06.209224,2026-04-20 21:05:25.908459,0 days 00:01:19.699235,0.15653364421164898,1024,0.00023291657929933938,cosine,0.1387665491256722,1024,8,9,adam,,4.0737905841816866e-05,0.916530612244898,0.9356760204081632,0.9434821428571428,,PRUNED
242,0.8006505102040816,2026-04-20 21:05:26.044237,2026-04-20 21:05:32.140249,0 days 00:00:06.096012,0.033335491501506644,2048,0.0004514038782140808,cosine_warmup,0.4127134939943314,1024,4,4,adam,3.0,3.663878959202154e-05,0.8006505102040816,,,,PRUNED
243,0.7314158163265305,2026-04-20 21:05:32.262298,2026-04-20 21:05:38.435752,0 days 00:00:06.173454,0.4513436569102889,2048,9.107376343748421e-05,cosine_warmup,0.3741899188338979,1024,4,6,adam,4.0,2.4167897775385948e-06,0.7314158163265305,,,,PRUNED
244,0.672015306122449,2026-04-20 21:05:38.587506,2026-04-20 21:05:44.567292,0 days 00:00:05.979786,0.013235709899381876,4096,5.3899563664216126e-05,cosine_warmup,0.3783684020617683,1024,4,3,adamw,3.0,9.636393691327186e-06,0.672015306122449,,,,PRUNED
245,0.9356122448979591,2026-04-20 21:05:44.710560,2026-04-20 21:06:13.569115,0 days 00:00:28.858555,0.06293194893750612,4096,0.0006627600360890157,cosine_warmup,0.4633477200141308,512,4,4,adam,3.0,2.3057041332739805e-05,0.8631377551020407,0.9175,0.9356122448979591,,PRUNED
246,0.6328571428571429,2026-04-20 21:06:13.715148,2026-04-20 21:06:19.701495,0 days 00:00:05.986347,0.1552224536470158,2048,6.45154191193075e-05,cosine_warmup,0.3492275543570572,512,4,3,adam,3.0,1.4845590919970094e-05,0.6328571428571429,,,,PRUNED
247,0.9255229591836736,2026-04-20 21:06:19.839889,2026-04-20 21:06:48.666926,0 days 00:00:28.827037,0.3604497910325284,1024,0.0008088763043963945,constant,0.4223126272307726,1024,16,8,adamw,,4.520825053719396e-06,0.9255229591836736,,,,PRUNED
248,0.7044260204081632,2026-04-20 21:06:48.807792,2026-04-20 21:07:00.422016,0 days 00:00:11.614224,0.20465891313368584,2048,2.448191758830614e-05,cosine_warmup,0.4402817552523211,1024,4,4,adam,9.0,2.714067140884176e-05,0.7044260204081632,,,,PRUNED
249,0.6511862244897959,2026-04-20 21:07:00.555028,2026-04-20 21:07:07.170767,0 days 00:00:06.615739,0.05406411849034539,1024,8.936675093350533e-05,cosine_warmup,0.1833884094591389,512,16,11,adamw,3.0,0.0020304360736533955,0.6511862244897959,,,,PRUNED
250,0.9114030612244898,2026-04-20 21:07:07.318469,2026-04-20 21:07:18.831378,0 days 00:00:11.512909,0.15516351991605395,2048,7.939589260439484e-05,constant,0.5801953212200835,1024,4,4,adam,,1.0138097079644668e-06,0.8615433673469387,0.9114030612244898,,,PRUNED
