number,value,datetime_start,datetime_complete,duration,params_clip_layer,params_lr,params_lr_scheduler,params_mlp_dropout,params_mlp_hidden_dim,params_optimizer_type,system_attrs_completed_rung_0,system_attrs_completed_rung_1,system_attrs_completed_rung_2,state
0,0.9300510204081632,2026-04-21 21:42:41.688519,2026-04-21 21:43:55.816050,0 days 00:01:14.127531,block_16,0.013786796469674746,constant,0.10459808211767094,1024,adamw,,,,COMPLETE
1,0.9324489795918367,2026-04-21 21:43:55.962847,2026-04-21 21:45:09.717973,0 days 00:01:13.755126,block_16,0.005851694339817631,constant,0.389468448256698,1024,adamw,0.8995025510204081,0.9228316326530612,,COMPLETE
2,0.9294642857142857,2026-04-21 21:45:09.860840,2026-04-21 21:46:25.044964,0 days 00:01:15.184124,block_16,0.0476429360852012,constant,0.23366475107128326,4096,adamw,0.7821556122448979,0.8447767857142857,0.917984693877551,COMPLETE
3,0.7758801020408164,2026-04-21 21:46:25.187970,2026-04-21 21:46:31.312716,0 days 00:00:06.124746,block_16,0.016105594676022232,constant,0.17822664515279213,2048,adamw,0.7758801020408164,,,PRUNED
4,0.8969515306122449,2026-04-21 21:46:31.444644,2026-04-21 21:46:43.219789,0 days 00:00:11.775145,block_16,0.01719293123969148,constant,0.0662576444519992,1024,adamw,0.8969515306122449,,,PRUNED
5,0.9280484693877551,2026-04-21 21:46:43.363991,2026-04-21 21:47:57.471732,0 days 00:01:14.107741,block_16,0.025911836468209465,constant,0.33293907184076144,4096,adamw,0.9154081632653062,,,COMPLETE
6,0.9296173469387755,2026-04-21 21:47:57.620957,2026-04-21 21:49:12.103175,0 days 00:01:14.482218,block_16,0.011408369940408102,constant,0.2233119185389446,2048,adamw,0.919936224489796,,,COMPLETE
7,0.9224744897959184,2026-04-21 21:49:12.268595,2026-04-21 21:49:41.613496,0 days 00:00:29.344901,block_16,0.00548799925106472,constant,0.23202380741223383,1024,adamw,0.9026658163265306,0.9224744897959184,,PRUNED
8,0.9321428571428572,2026-04-21 21:49:41.763738,2026-04-21 21:50:56.570585,0 days 00:01:14.806847,block_16,0.021976128462431514,constant,0.3631895726496771,2048,adamw,0.8036479591836734,0.8826147959183673,0.9190051020408163,COMPLETE
9,0.9314795918367347,2026-04-21 21:50:56.724459,2026-04-21 21:52:11.446420,0 days 00:01:14.721961,block_16,0.025243812351202467,constant,0.16386561576714254,1024,adamw,0.9214668367346939,,,COMPLETE
10,0.8993877551020407,2026-04-21 21:52:11.590225,2026-04-21 21:52:23.526632,0 days 00:00:11.936407,block_16,0.007187149560259538,constant,0.3823630171988805,1024,adamw,0.8993877551020407,,,PRUNED
11,0.877780612244898,2026-04-21 21:52:23.678300,2026-04-21 21:52:35.506641,0 days 00:00:11.828341,block_16,0.02686666423786663,constant,0.3723870984160529,2048,adamw,0.877780612244898,,,PRUNED
12,0.9189285714285714,2026-04-21 21:52:35.655122,2026-04-21 21:53:04.859226,0 days 00:00:29.204104,block_16,0.006894352184346654,constant,0.3571974984189833,2048,adamw,0.9189285714285714,,,PRUNED
13,0.7934821428571428,2026-04-21 21:53:05.022406,2026-04-21 21:53:11.039496,0 days 00:00:06.017090,block_16,0.01477667994912702,constant,0.31972651052363305,1024,adamw,0.7934821428571428,,,PRUNED
14,0.8795408163265307,2026-04-21 21:53:11.215916,2026-04-21 21:53:23.015726,0 days 00:00:11.799810,block_16,0.05562956403005612,constant,0.39423497680288755,3072,adamw,0.8795408163265307,,,PRUNED
15,0.929515306122449,2026-04-21 21:53:23.148455,2026-04-21 21:54:37.484154,0 days 00:01:14.335699,block_16,0.009582762486629412,constant,0.34933543364137837,3072,adamw,0.8308290816326531,0.8944515306122449,0.9209438775510204,COMPLETE
16,0.9197066326530612,2026-04-21 21:54:37.630820,2026-04-21 21:55:06.827795,0 days 00:00:29.196975,block_16,0.0065652002181838115,constant,0.35144070745778977,4096,adamw,0.9042474489795919,0.9197066326530612,,PRUNED
17,0.8770153061224489,2026-04-21 21:55:06.954953,2026-04-21 21:55:18.988377,0 days 00:00:12.033424,block_16,0.0364490771657369,constant,0.23963574574108104,2048,adamw,0.8770153061224489,,,PRUNED
18,0.9160204081632654,2026-04-21 21:55:19.143246,2026-04-21 21:55:48.465080,0 days 00:00:29.321834,block_16,0.01998815208705585,constant,0.38432531236436096,3072,adamw,0.9160204081632654,,,PRUNED
19,0.8842729591836735,2026-04-21 21:55:48.599197,2026-04-21 21:56:00.436307,0 days 00:00:11.837110,block_16,0.013029683479181675,constant,0.38796082332522436,1024,adamw,0.8166964285714287,0.8842729591836735,,PRUNED
20,0.879170918367347,2026-04-21 21:56:00.587113,2026-04-21 21:56:12.442572,0 days 00:00:11.855459,block_16,0.06846347866996175,constant,0.35477593158195864,2048,adamw,0.879170918367347,,,PRUNED
21,0.8637755102040816,2026-04-21 21:56:12.566594,2026-04-21 21:56:24.415666,0 days 00:00:11.849072,block_16,0.026140989990766233,constant,0.16758147236280435,1024,adamw,0.8637755102040816,,,PRUNED
22,0.8804719387755102,2026-04-21 21:56:24.586741,2026-04-21 21:56:36.418521,0 days 00:00:11.831780,block_16,0.054584970803980636,constant,0.06678042849163794,1024,adamw,0.8182397959183673,0.8804719387755102,,PRUNED
23,0.8961479591836734,2026-04-21 21:56:36.567232,2026-04-21 21:56:48.322742,0 days 00:00:11.755510,block_16,0.005138307426815165,constant,0.39760810221238624,1024,adamw,0.8961479591836734,,,PRUNED
24,0.9194642857142856,2026-04-21 21:56:48.463588,2026-04-21 21:57:17.617838,0 days 00:00:29.154250,block_16,0.03309724936781277,constant,0.1030536002722887,3072,adamw,0.826530612244898,0.890625,0.9194642857142856,PRUNED
25,0.919375,2026-04-21 21:57:17.777316,2026-04-21 21:57:47.092763,0 days 00:00:29.315447,block_16,0.021170478205177354,constant,0.22608345765493873,3072,adamw,0.8224362244897958,0.8947193877551021,0.919375,PRUNED
26,0.9185204081632652,2026-04-21 21:57:47.228695,2026-04-21 21:58:16.333146,0 days 00:00:29.104451,block_16,0.047007223409601805,constant,0.28598477223635854,1024,adamw,0.9185204081632652,,,PRUNED
27,0.9265688775510205,2026-04-21 21:58:16.486371,2026-04-21 21:59:31.147576,0 days 00:01:14.661205,block_16,0.005392159114088112,constant,0.10234983545434101,4096,adamw,0.9223852040816327,,,COMPLETE
28,0.8885969387755103,2026-04-21 21:59:31.297277,2026-04-21 21:59:43.344243,0 days 00:00:12.046966,block_16,0.03411918913273193,constant,0.12477318994912123,4096,adamw,0.8885969387755103,,,PRUNED
29,0.8846428571428572,2026-04-21 21:59:43.496762,2026-04-21 21:59:55.559215,0 days 00:00:12.062453,block_16,0.02075133952180344,constant,0.2751700943010157,2048,adamw,0.8846428571428572,,,PRUNED
30,0.9312755102040817,2026-04-21 21:59:55.708020,2026-04-21 22:01:11.477179,0 days 00:01:15.769159,block_16,0.014618013121769599,constant,0.15356574680351393,1024,adamw,0.9229081632653061,,,COMPLETE
31,0.8874617346938776,2026-04-21 22:01:11.625507,2026-04-21 22:01:23.537345,0 days 00:00:11.911838,block_16,0.014106399729314092,constant,0.21726590042919725,1024,adamw,0.8874617346938776,,,PRUNED
32,0.8862117346938776,2026-04-21 22:01:23.673522,2026-04-21 22:01:35.491804,0 days 00:00:11.818282,block_16,0.012935124635358905,constant,0.1581726682275573,1024,adamw,0.8862117346938776,,,PRUNED
33,0.8917474489795919,2026-04-21 22:01:35.641277,2026-04-21 22:01:47.557182,0 days 00:00:11.915905,block_16,0.010690236679936854,constant,0.11181064340316874,3072,adamw,0.8261734693877549,0.8917474489795919,,PRUNED
34,0.9291326530612245,2026-04-21 22:01:47.764539,2026-04-21 22:03:02.133429,0 days 00:01:14.368890,block_16,0.012861679189599384,constant,0.20164417187001754,4096,adamw,0.9237627551020408,,,COMPLETE
35,0.7935331632653062,2026-04-21 22:03:02.266457,2026-04-21 22:03:08.404281,0 days 00:00:06.137824,block_16,0.028925334565823555,constant,0.1633615384091828,1024,adamw,0.7935331632653062,,,PRUNED
36,0.9205357142857143,2026-04-21 22:03:08.555737,2026-04-21 22:03:37.717514,0 days 00:00:29.161777,block_16,0.02053542584015198,constant,0.09542078462911396,2048,adamw,0.9205357142857143,,,PRUNED
37,0.818954081632653,2026-04-21 22:03:37.841700,2026-04-21 22:03:43.922530,0 days 00:00:06.080830,block_16,0.019956797075047092,constant,0.3453192930317406,2048,adamw,0.818954081632653,,,PRUNED
38,0.8940178571428572,2026-04-21 22:03:44.056802,2026-04-21 22:03:55.985610,0 days 00:00:11.928808,block_16,0.00923388210996326,constant,0.12334421531919063,1024,adamw,0.8940178571428572,,,PRUNED
39,0.9305357142857144,2026-04-21 22:03:56.148653,2026-04-21 22:05:10.678406,0 days 00:01:14.529753,block_16,0.007278970103532753,constant,0.3167914030290182,1024,adamw,0.8494387755102041,0.8971683673469388,0.921951530612245,COMPLETE
40,0.8766581632653061,2026-04-21 22:05:10.802399,2026-04-21 22:05:22.687236,0 days 00:00:11.884837,block_16,0.024322567496853433,constant,0.3901208288051042,4096,adamw,0.8766581632653061,,,PRUNED
41,0.9319132653061225,2026-04-21 22:05:22.829315,2026-04-21 22:06:37.515836,0 days 00:01:14.686521,block_16,0.006083266279047179,constant,0.2942552834592636,1024,adamw,0.9028443877551019,0.923265306122449,,COMPLETE
42,0.9222704081632653,2026-04-21 22:06:37.650719,2026-04-21 22:07:07.238889,0 days 00:00:29.588170,block_16,0.006095737457750703,constant,0.2258839607265289,4096,adamw,0.9021938775510204,0.9222704081632653,,PRUNED
43,0.9203826530612245,2026-04-21 22:07:07.391833,2026-04-21 22:07:37.745823,0 days 00:00:30.353990,block_16,0.006517831738273413,constant,0.2266489377058134,3072,adamw,0.9203826530612245,,,PRUNED
44,0.9312882653061225,2026-04-21 22:07:37.899684,2026-04-21 22:08:53.512807,0 days 00:01:15.613123,block_16,0.005021481186311554,constant,0.3029672111040352,1024,adamw,0.8520535714285715,0.8983035714285715,0.9225510204081633,COMPLETE
45,0.9315943877551021,2026-04-21 22:08:53.681613,2026-04-21 22:10:10.207722,0 days 00:01:16.526109,block_16,0.006547547161334279,constant,0.3054506906786433,1024,adamw,0.8550127551020409,0.8985204081632653,0.9219770408163265,COMPLETE
46,0.9196428571428572,2026-04-21 22:10:10.353245,2026-04-21 22:10:39.914015,0 days 00:00:29.560770,block_16,0.005480305690147728,constant,0.3002760840920862,2048,adamw,0.8270663265306122,0.8986224489795918,0.9196428571428572,PRUNED
47,0.9310586734693878,2026-04-21 22:10:40.046527,2026-04-21 22:11:54.704960,0 days 00:01:14.658433,block_16,0.00795427361577351,constant,0.2639012459719815,1024,adamw,0.870140306122449,0.9044770408163265,0.9224617346938775,COMPLETE
48,0.895841836734694,2026-04-21 22:11:54.872674,2026-04-21 22:12:06.967599,0 days 00:00:12.094925,block_16,0.008758955781764981,constant,0.3146336726685273,1024,adamw,0.8430357142857142,0.895841836734694,,PRUNED
49,0.9205484693877551,2026-04-21 22:12:07.098150,2026-04-21 22:12:37.223886,0 days 00:00:30.125736,block_16,0.005187326428170412,constant,0.3857927766815858,3072,adamw,0.900140306122449,0.9205484693877551,,PRUNED
50,0.9209948979591838,2026-04-21 22:12:37.362986,2026-04-21 22:13:06.741292,0 days 00:00:29.378306,block_16,0.014130568297426841,constant,0.05974308407901663,4096,adamw,0.9032908163265306,0.9209948979591838,,PRUNED
51,0.9316581632653061,2026-04-21 22:13:06.887391,2026-04-21 22:14:21.855439,0 days 00:01:14.968048,block_16,0.006401858559959499,constant,0.26140524400932685,1024,adamw,0.8624872448979592,0.9031377551020409,0.922576530612245,COMPLETE
52,0.9311224489795917,2026-04-21 22:14:22.006691,2026-04-21 22:15:37.689903,0 days 00:01:15.683212,block_16,0.005061636459547853,constant,0.23170732777145656,1024,adamw,0.8543239795918366,0.8992474489795919,0.9223596938775509,COMPLETE
53,0.9309183673469388,2026-04-21 22:15:37.828709,2026-04-21 22:16:54.310485,0 days 00:01:16.481776,block_16,0.007804597041246224,constant,0.3754250754385016,1024,adamw,0.9230739795918368,,,COMPLETE
54,0.9167474489795919,2026-04-21 22:16:54.454720,2026-04-21 22:17:24.228344,0 days 00:00:29.773624,block_16,0.018436131120165424,constant,0.39256282563783523,2048,adamw,0.9167474489795919,,,PRUNED
55,0.9314158163265306,2026-04-21 22:17:24.383354,2026-04-21 22:18:39.958801,0 days 00:01:15.575447,block_16,0.00539112543649583,constant,0.31562489376198744,1024,adamw,0.8536989795918367,0.8999234693877551,0.9225510204081633,COMPLETE
56,0.931530612244898,2026-04-21 22:18:40.102767,2026-04-21 22:19:57.351322,0 days 00:01:17.248555,block_16,0.005648367547686501,constant,0.2920244013475401,1024,adamw,0.8548086734693878,0.9026403061224489,0.9229081632653061,COMPLETE
57,0.8439923469387757,2026-04-21 22:19:57.488166,2026-04-21 22:20:03.713277,0 days 00:00:06.225111,block_16,0.008669388581640753,constant,0.2810966991426245,1024,adamw,0.8439923469387757,,,PRUNED
58,0.9196173469387755,2026-04-21 22:20:03.865405,2026-04-21 22:20:33.941925,0 days 00:00:30.076520,block_16,0.009560493112585059,constant,0.2963288046896784,4096,adamw,0.9196173469387755,,,PRUNED
59,0.9320663265306123,2026-04-21 22:20:34.079711,2026-04-21 22:21:50.170849,0 days 00:01:16.091138,block_16,0.006723896165827295,constant,0.267726265069689,1024,adamw,0.8525382653061224,0.902844387755102,0.9236734693877551,COMPLETE
60,0.7557397959183674,2026-04-21 22:21:50.323958,2026-04-21 22:21:56.577996,0 days 00:00:06.254038,block_16,0.07099145443636672,constant,0.15735732467868296,3072,adamw,0.7557397959183674,,,PRUNED
61,0.851045918367347,2026-04-21 22:21:56.739676,2026-04-21 22:22:02.965043,0 days 00:00:06.225367,block_16,0.008278648725837966,constant,0.22418377572427947,1024,adamw,0.851045918367347,,,PRUNED
62,0.9320535714285715,2026-04-21 22:22:03.113321,2026-04-21 22:23:18.116315,0 days 00:01:15.002994,block_16,0.0059140633551019025,constant,0.28257869830113747,1024,adamw,0.8595408163265306,0.9043622448979591,0.9229591836734694,COMPLETE
63,0.8281377551020409,2026-04-21 22:23:18.371113,2026-04-21 22:23:24.514730,0 days 00:00:06.143617,block_16,0.008865321112120489,constant,0.3023649361635117,3072,adamw,0.8281377551020409,,,PRUNED
64,0.9310841836734693,2026-04-21 22:23:24.660415,2026-04-21 22:24:39.651003,0 days 00:01:14.990588,block_16,0.00693742118586771,constant,0.26355862084101334,1024,adamw,0.8541071428571427,0.9025382653061225,0.9229081632653061,COMPLETE
65,0.898469387755102,2026-04-21 22:24:39.824577,2026-04-21 22:24:51.816731,0 days 00:00:11.992154,block_16,0.0050671850758604335,constant,0.2878859082702679,1024,adamw,0.898469387755102,,,PRUNED
66,0.9191326530612246,2026-04-21 22:24:51.954648,2026-04-21 22:25:21.795557,0 days 00:00:29.840909,block_16,0.036299524801703155,constant,0.38294504539083446,2048,adamw,0.9191326530612246,,,PRUNED
67,0.9211352040816326,2026-04-21 22:25:21.938148,2026-04-21 22:25:51.493777,0 days 00:00:29.555629,block_16,0.0081316646780667,constant,0.18950587788857468,2048,adamw,0.9016964285714286,0.9211352040816326,,PRUNED
68,0.8998086734693878,2026-04-21 22:25:51.638843,2026-04-21 22:26:03.439704,0 days 00:00:11.800861,block_16,0.005690792840856097,constant,0.38905709494547785,1024,adamw,0.8530484693877551,0.8998086734693878,,PRUNED
69,0.8455867346938776,2026-04-21 22:26:03.564887,2026-04-21 22:26:09.737862,0 days 00:00:06.172975,block_16,0.008614576823114329,constant,0.2528408905801817,1024,adamw,0.8455867346938776,,,PRUNED
70,0.8390433673469389,2026-04-21 22:26:09.890968,2026-04-21 22:26:16.136582,0 days 00:00:06.245614,block_16,0.005474660695603925,constant,0.28188846114837496,4096,adamw,0.8390433673469389,,,PRUNED
71,0.9314413265306122,2026-04-21 22:26:16.316012,2026-04-21 22:27:31.018923,0 days 00:01:14.702911,block_16,0.005327731149730407,constant,0.2632241056556237,1024,adamw,0.8547448979591837,0.900969387755102,0.9228061224489796,COMPLETE
72,0.8119132653061225,2026-04-21 22:27:31.161733,2026-04-21 22:27:37.360584,0 days 00:00:06.198851,block_16,0.012795832454519483,constant,0.3026795798016818,2048,adamw,0.8119132653061225,,,PRUNED
73,0.806734693877551,2026-04-21 22:27:37.502039,2026-04-21 22:27:43.647986,0 days 00:00:06.145947,block_16,0.05238364163658378,constant,0.39979472293068985,1024,adamw,0.806734693877551,,,PRUNED
74,0.8473214285714287,2026-04-21 22:27:43.790452,2026-04-21 22:27:49.916805,0 days 00:00:06.126353,block_16,0.00828860110120654,constant,0.30920714983936864,1024,adamw,0.8473214285714287,,,PRUNED
75,0.894872448979592,2026-04-21 22:27:50.072114,2026-04-21 22:28:01.978190,0 days 00:00:11.906076,block_16,0.06802982426226993,constant,0.282614591812701,4096,adamw,0.894872448979592,,,PRUNED
76,0.8419260204081632,2026-04-21 22:28:02.139010,2026-04-21 22:28:08.375706,0 days 00:00:06.236696,block_16,0.008211436348015404,constant,0.3935342963652169,2048,adamw,0.8419260204081632,,,PRUNED
77,0.8993622448979591,2026-04-21 22:28:08.541064,2026-04-21 22:28:20.635205,0 days 00:00:12.094141,block_16,0.0058253480605398355,constant,0.32327707961199525,1024,adamw,0.8553443877551021,0.8993622448979591,,PRUNED
78,0.8481505102040816,2026-04-21 22:28:20.808707,2026-04-21 22:28:27.053874,0 days 00:00:06.245167,block_16,0.006161905865131286,constant,0.29123911923763324,3072,adamw,0.8481505102040816,,,PRUNED
79,0.9223852040816326,2026-04-21 22:28:27.210405,2026-04-21 22:28:57.273377,0 days 00:00:30.062972,block_16,0.007637503767330224,constant,0.29992804204335366,1024,adamw,0.8522193877551021,0.900280612244898,0.9223852040816326,PRUNED
80,0.922359693877551,2026-04-21 22:28:57.440122,2026-04-21 22:29:26.962236,0 days 00:00:29.522114,block_16,0.006152366349351198,constant,0.2238268896395022,1024,adamw,0.8651275510204082,0.9029464285714285,0.922359693877551,PRUNED
81,0.7975,2026-04-21 22:29:27.097392,2026-04-21 22:29:33.206635,0 days 00:00:06.109243,block_16,0.028433327250147952,constant,0.20861568718918697,1024,adamw,0.7975,,,PRUNED
82,0.815625,2026-04-21 22:29:33.338714,2026-04-21 22:29:39.405824,0 days 00:00:06.067110,block_16,0.048562209862099595,constant,0.15573729174257894,1024,adamw,0.815625,,,PRUNED
83,0.9198341836734694,2026-04-21 22:29:39.546857,2026-04-21 22:30:08.676901,0 days 00:00:29.130044,block_16,0.025240415290812244,constant,0.31103297325215934,2048,adamw,0.9198341836734694,,,PRUNED
84,0.8329464285714285,2026-04-21 22:30:08.818777,2026-04-21 22:30:14.907285,0 days 00:00:06.088508,block_16,0.010436423899250832,constant,0.38279221097464944,4096,adamw,0.8329464285714285,,,PRUNED
85,0.8169260204081633,2026-04-21 22:30:15.031953,2026-04-21 22:30:21.070922,0 days 00:00:06.038969,block_16,0.01946377087468333,constant,0.12404775089992609,1024,adamw,0.8169260204081633,,,PRUNED
86,0.9316326530612244,2026-04-21 22:30:21.216299,2026-04-21 22:31:35.931625,0 days 00:01:14.715326,block_16,0.005613542283746021,constant,0.2932220159485393,1024,adamw,0.8546301020408164,0.9021173469387757,0.9233928571428571,COMPLETE
87,0.8855102040816326,2026-04-21 22:31:36.074225,2026-04-21 22:31:47.883788,0 days 00:00:11.809563,block_16,0.07475850275663094,constant,0.20709946769873197,2048,adamw,0.8855102040816326,,,PRUNED
88,0.8982525510204082,2026-04-21 22:31:48.025452,2026-04-21 22:31:59.849672,0 days 00:00:11.824220,block_16,0.005198886447568408,constant,0.3517504522072942,1024,adamw,0.8534438775510205,0.8982525510204082,,PRUNED
89,0.8984311224489796,2026-04-21 22:31:59.993498,2026-04-21 22:32:11.871440,0 days 00:00:11.877942,block_16,0.0050762061925559605,constant,0.2920873973453559,1024,adamw,0.852997448979592,0.8984311224489796,,PRUNED
90,0.8204846938775511,2026-04-21 22:32:12.023770,2026-04-21 22:32:18.161539,0 days 00:00:06.137769,block_16,0.01194899296547438,constant,0.31762148505632304,1024,adamw,0.8204846938775511,,,PRUNED
91,0.8994387755102041,2026-04-21 22:32:18.311663,2026-04-21 22:32:30.340364,0 days 00:00:12.028701,block_16,0.006468549665625293,constant,0.28723436972537175,1024,adamw,0.8548214285714286,0.8994387755102041,,PRUNED
92,0.9309438775510204,2026-04-21 22:32:30.489560,2026-04-21 22:33:45.269468,0 days 00:01:14.779908,block_16,0.007162589501171064,constant,0.2572430593379487,1024,adamw,0.9233928571428571,,,COMPLETE
93,0.931658163265306,2026-04-21 22:33:45.426943,2026-04-21 22:34:59.620567,0 days 00:01:14.193624,block_16,0.006711178851200887,constant,0.30975010346666104,1024,adamw,0.9021301020408163,0.9229464285714286,,COMPLETE
94,0.8162244897959184,2026-04-21 22:34:59.768869,2026-04-21 22:35:05.892273,0 days 00:00:06.123404,block_16,0.006362068835727598,constant,0.24410152000370883,2048,adamw,0.8162244897959184,,,PRUNED
95,0.9313647959183674,2026-04-21 22:35:06.042496,2026-04-21 22:36:20.168189,0 days 00:01:14.125693,block_16,0.007738480281881447,constant,0.34245796627260916,1024,adamw,0.9222831632653061,,,COMPLETE
96,0.9317219387755101,2026-04-21 22:36:20.327812,2026-04-21 22:37:34.982356,0 days 00:01:14.654544,block_16,0.0052089128131349504,constant,0.28700961040032497,1024,adamw,0.9230867346938776,,,COMPLETE
97,0.851658163265306,2026-04-21 22:37:35.129568,2026-04-21 22:37:41.215533,0 days 00:00:06.085965,block_16,0.00501294548750396,constant,0.3292617872178753,1024,adamw,0.851658163265306,,,PRUNED
98,0.920140306122449,2026-04-21 22:37:41.356934,2026-04-21 22:38:10.632070,0 days 00:00:29.275136,block_16,0.005006045349487972,constant,0.3663384514065956,4096,adamw,0.920140306122449,,,PRUNED
99,0.9316326530612244,2026-04-21 22:38:10.776475,2026-04-21 22:39:25.337417,0 days 00:01:14.560942,block_16,0.005712427250525049,constant,0.24789268820801003,1024,adamw,0.9230102040816327,,,COMPLETE
100,0.9223979591836735,2026-04-21 22:39:25.489761,2026-04-21 22:39:54.989723,0 days 00:00:29.499962,block_16,0.005334252905318771,constant,0.23390290877876097,1024,adamw,0.9015688775510203,0.9223979591836735,,PRUNED
101,0.9317219387755101,2026-04-21 22:39:55.142977,2026-04-21 22:41:12.165593,0 days 00:01:17.022616,block_16,0.008294395342963777,constant,0.2639654910494431,1024,adamw,0.9005484693877551,0.9229974489795918,,COMPLETE
102,0.9220535714285714,2026-04-21 22:41:12.314287,2026-04-21 22:41:42.520459,0 days 00:00:30.206172,block_16,0.012307091859114912,constant,0.26164800791534293,1024,adamw,0.9220535714285714,,,PRUNED
103,0.9313137755102041,2026-04-21 22:41:42.672143,2026-04-21 22:43:01.351786,0 days 00:01:18.679643,block_16,0.006010731664048216,constant,0.1602262879376497,1024,adamw,0.8639030612244898,0.9034438775510205,0.9234438775510204,COMPLETE
104,0.836594387755102,2026-04-21 22:43:01.524489,2026-04-21 22:43:07.756142,0 days 00:00:06.231653,block_16,0.009093225794227989,constant,0.24490710643449765,1024,adamw,0.836594387755102,,,PRUNED
105,0.8068367346938776,2026-04-21 22:43:07.921251,2026-04-21 22:43:13.937176,0 days 00:00:06.015925,block_16,0.05690246446481985,constant,0.05887480945379933,4096,adamw,0.8068367346938776,,,PRUNED
106,0.9225127551020409,2026-04-21 22:43:14.068718,2026-04-21 22:43:43.345972,0 days 00:00:29.277254,block_16,0.0054232050097205225,constant,0.22572775698491726,1024,adamw,0.8551658163265305,0.9024362244897959,0.9225127551020409,PRUNED
107,0.895969387755102,2026-04-21 22:43:43.489046,2026-04-21 22:43:55.348078,0 days 00:00:11.859032,block_16,0.008426971978917388,constant,0.3978510700065403,1024,adamw,0.895969387755102,,,PRUNED
108,0.8989923469387756,2026-04-21 22:43:55.479194,2026-04-21 22:44:07.394870,0 days 00:00:11.915676,block_16,0.008803378154213304,constant,0.26304422988994447,1024,adamw,0.8989923469387756,,,PRUNED
109,0.9316581632653061,2026-04-21 22:44:07.549036,2026-04-21 22:45:21.679614,0 days 00:01:14.130578,block_16,0.005275359938906236,constant,0.2706731959585424,1024,adamw,0.9002040816326531,0.9229974489795918,,COMPLETE
110,0.7404209183673469,2026-04-21 22:45:21.830714,2026-04-21 22:45:27.944814,0 days 00:00:06.114100,block_16,0.036789913433629536,constant,0.3397576169625132,3072,adamw,0.7404209183673469,,,PRUNED
111,0.9318239795918368,2026-04-21 22:45:28.089702,2026-04-21 22:46:42.468690,0 days 00:01:14.378988,block_16,0.005926683999439415,constant,0.25947551078442765,1024,adamw,0.8627168367346939,0.904579081632653,0.9230229591836734,COMPLETE
112,0.9321301020408164,2026-04-21 22:46:42.613892,2026-04-21 22:47:56.283355,0 days 00:01:13.669463,block_16,0.005959089930614432,constant,0.2834999058214459,1024,adamw,0.922984693877551,,,COMPLETE
113,0.8992984693877552,2026-04-21 22:47:56.451734,2026-04-21 22:48:08.234107,0 days 00:00:11.782373,block_16,0.0051455450310619036,constant,0.2784664709846898,1024,adamw,0.8992984693877552,,,PRUNED
114,0.8816964285714285,2026-04-21 22:48:08.392237,2026-04-21 22:48:20.105236,0 days 00:00:11.712999,block_16,0.02642676540073443,constant,0.3607066873492796,1024,adamw,0.8816964285714285,,,PRUNED
115,0.8978826530612245,2026-04-21 22:48:20.243282,2026-04-21 22:48:31.957530,0 days 00:00:11.714248,block_16,0.008204247834122118,constant,0.26521258276909027,1024,adamw,0.8978826530612245,,,PRUNED
116,0.9174107142857142,2026-04-21 22:48:32.096844,2026-04-21 22:49:01.361426,0 days 00:00:29.264582,block_16,0.018643746354915055,constant,0.3663871389763762,2048,adamw,0.9174107142857142,,,PRUNED
117,0.9225,2026-04-21 22:49:01.500263,2026-04-21 22:49:31.107831,0 days 00:00:29.607568,block_16,0.006996130132692353,constant,0.27717099119672967,1024,adamw,0.9033163265306121,0.9225,,PRUNED
118,0.9223214285714285,2026-04-21 22:49:31.244906,2026-04-21 22:50:00.471664,0 days 00:00:29.226758,block_16,0.007551391229842717,constant,0.310839658607033,1024,adamw,0.9019897959183674,0.9223214285714285,,PRUNED
119,0.8984438775510203,2026-04-21 22:50:00.657057,2026-04-21 22:50:12.387830,0 days 00:00:11.730773,block_16,0.005082750801117842,constant,0.28069981187340437,1024,adamw,0.853686224489796,0.8984438775510203,,PRUNED
120,0.9009566326530613,2026-04-21 22:50:12.539323,2026-04-21 22:50:24.197840,0 days 00:00:11.658517,block_16,0.007005450017747009,constant,0.25150255333835253,1024,adamw,0.8545663265306123,0.9009566326530613,,PRUNED
121,0.8989795918367347,2026-04-21 22:50:24.325060,2026-04-21 22:50:36.089991,0 days 00:00:11.764931,block_16,0.0058710137185420145,constant,0.3029515332672482,1024,adamw,0.8989795918367347,,,PRUNED
122,0.8999744897959184,2026-04-21 22:50:36.238760,2026-04-21 22:50:47.964689,0 days 00:00:11.725929,block_16,0.005238459236841321,constant,0.27337999138961777,1024,adamw,0.8549617346938775,0.8999744897959184,,PRUNED
123,0.8268367346938776,2026-04-21 22:50:48.100213,2026-04-21 22:50:54.116441,0 days 00:00:06.016228,block_16,0.005511096907537433,constant,0.3223884786693561,2048,adamw,0.8268367346938776,,,PRUNED
124,0.8985714285714286,2026-04-21 22:50:54.257832,2026-04-21 22:51:06.029451,0 days 00:00:11.771619,block_16,0.008503420711582152,constant,0.33518716163418694,1024,adamw,0.8985714285714286,,,PRUNED
125,0.8982270408163265,2026-04-21 22:51:06.162373,2026-04-21 22:51:17.966190,0 days 00:00:11.803817,block_16,0.005139719681364371,constant,0.35109074030057125,1024,adamw,0.8982270408163265,,,PRUNED
126,0.831670918367347,2026-04-21 22:51:18.108621,2026-04-21 22:51:24.181412,0 days 00:00:06.072791,block_16,0.009406690698163677,constant,0.2100636610720874,3072,adamw,0.831670918367347,,,PRUNED
127,0.8990178571428571,2026-04-21 22:51:24.345744,2026-04-21 22:51:36.096827,0 days 00:00:11.751083,block_16,0.005041106858130103,constant,0.25684811302058974,1024,adamw,0.8990178571428571,,,PRUNED
128,0.8964413265306123,2026-04-21 22:51:36.237755,2026-04-21 22:51:48.034260,0 days 00:00:11.796505,block_16,0.009146697568242695,constant,0.27197031396379995,1024,adamw,0.8964413265306123,,,PRUNED
129,0.8494642857142857,2026-04-21 22:51:48.171926,2026-04-21 22:51:54.301525,0 days 00:00:06.129599,block_16,0.007342219905518817,constant,0.29359214823734314,1024,adamw,0.8494642857142857,,,PRUNED
130,0.9183801020408163,2026-04-21 22:51:54.441420,2026-04-21 22:52:23.265588,0 days 00:00:28.824168,block_16,0.026149624178237997,constant,0.3963069656155603,2048,adamw,0.9183801020408163,,,PRUNED
131,0.9225382653061225,2026-04-21 22:52:23.403932,2026-04-21 22:52:52.231197,0 days 00:00:28.827265,block_16,0.006106885891639641,constant,0.22871749170350195,1024,adamw,0.903201530612245,0.9225382653061225,,PRUNED
132,0.8996045918367346,2026-04-21 22:52:52.375759,2026-04-21 22:53:04.053202,0 days 00:00:11.677443,block_16,0.005077378303747777,constant,0.21599644998419193,1024,adamw,0.8550510204081633,0.8996045918367346,,PRUNED
133,0.919375,2026-04-21 22:53:04.196862,2026-04-21 22:53:33.237686,0 days 00:00:29.040824,block_16,0.0076286353298704096,constant,0.22779696455114481,4096,adamw,0.919375,,,PRUNED
134,0.9306122448979592,2026-04-21 22:53:33.376838,2026-04-21 22:54:46.999196,0 days 00:01:13.622358,block_16,0.010503035287778434,constant,0.19994140240594083,1024,adamw,0.9228061224489796,,,COMPLETE
135,0.8529464285714287,2026-04-21 22:54:47.153988,2026-04-21 22:54:53.262913,0 days 00:00:06.108925,block_16,0.006752747007119663,constant,0.2735670443369574,1024,adamw,0.8529464285714287,,,PRUNED
136,0.8989795918367347,2026-04-21 22:54:53.429644,2026-04-21 22:55:05.143760,0 days 00:00:11.714116,block_16,0.005041579123469634,constant,0.26441875323797576,1024,adamw,0.8989795918367347,,,PRUNED
137,0.9316071428571429,2026-04-21 22:55:05.295167,2026-04-21 22:56:18.574167,0 days 00:01:13.279000,block_16,0.008376151380028176,constant,0.2823368630624053,1024,adamw,0.9008290816326531,0.9231760204081633,,COMPLETE
138,0.8399744897959183,2026-04-21 22:56:18.731415,2026-04-21 22:56:24.720974,0 days 00:00:05.989559,block_16,0.009205224786898792,constant,0.2702598161840636,2048,adamw,0.8399744897959183,,,PRUNED
139,0.8232142857142857,2026-04-21 22:56:24.881019,2026-04-21 22:56:30.909438,0 days 00:00:06.028419,block_16,0.005231274162721218,constant,0.12719843419641202,2048,adamw,0.8232142857142857,,,PRUNED
140,0.8991454081632654,2026-04-21 22:56:31.049686,2026-04-21 22:56:42.941761,0 days 00:00:11.892075,block_16,0.005142160776533365,constant,0.2932031507695591,1024,adamw,0.8991454081632654,,,PRUNED
141,0.9216454081632652,2026-04-21 22:56:43.086796,2026-04-21 22:57:12.102406,0 days 00:00:29.015610,block_16,0.005434337967891247,constant,0.21726164792608618,3072,adamw,0.858890306122449,0.9047576530612245,0.9216454081632652,PRUNED
142,0.8174489795918368,2026-04-21 22:57:12.279359,2026-04-21 22:57:18.364764,0 days 00:00:06.085405,block_16,0.010405870006904062,constant,0.29137033833788795,1024,adamw,0.8174489795918368,,,PRUNED
143,0.8987244897959183,2026-04-21 22:57:18.518763,2026-04-21 22:57:30.410957,0 days 00:00:11.892194,block_16,0.008549149679567885,constant,0.22351518337238954,1024,adamw,0.8987244897959183,,,PRUNED
144,0.8433290816326531,2026-04-21 22:57:30.553915,2026-04-21 22:57:36.614805,0 days 00:00:06.060890,block_16,0.00874091503890638,constant,0.31450074340143386,1024,adamw,0.8433290816326531,,,PRUNED
145,0.8460331632653061,2026-04-21 22:57:36.834502,2026-04-21 22:57:42.884510,0 days 00:00:06.050008,block_16,0.018213108410953416,constant,0.27578289848383714,4096,adamw,0.8460331632653061,,,PRUNED
146,0.8994897959183673,2026-04-21 22:57:43.010152,2026-04-21 22:57:54.860409,0 days 00:00:11.850257,block_16,0.007171005804525131,constant,0.30491972704522674,1024,adamw,0.8994897959183673,,,PRUNED
147,0.9226275510204082,2026-04-21 22:57:55.015055,2026-04-21 22:58:23.931749,0 days 00:00:28.916694,block_16,0.007503568208179576,constant,0.25072574258782643,1024,adamw,0.9008545918367348,0.9226275510204082,,PRUNED
148,0.9006632653061224,2026-04-21 22:58:24.081632,2026-04-21 22:58:35.873973,0 days 00:00:11.792341,block_16,0.007396615211427983,constant,0.26050252693466763,1024,adamw,0.8540178571428572,0.9006632653061224,,PRUNED
149,0.932015306122449,2026-04-21 22:58:36.010107,2026-04-21 22:59:49.362902,0 days 00:01:13.352795,block_16,0.005749205525287583,constant,0.36241071974169614,1024,adamw,0.8537244897959183,0.9015816326530612,0.9232908163265307,COMPLETE
150,0.8527168367346939,2026-04-21 22:59:49.506699,2026-04-21 22:59:55.529658,0 days 00:00:06.022959,block_16,0.00656416560796889,constant,0.3913658710260092,1024,adamw,0.8527168367346939,,,PRUNED
151,0.8984438775510204,2026-04-21 22:59:55.693959,2026-04-21 23:00:07.386935,0 days 00:00:11.692976,block_16,0.005511236389905784,constant,0.3883017659959222,1024,adamw,0.8533545918367346,0.8984438775510204,,PRUNED
152,0.8988265306122449,2026-04-21 23:00:07.518430,2026-04-21 23:00:19.317629,0 days 00:00:11.799199,block_16,0.005787904379176325,constant,0.3232053549037327,1024,adamw,0.8553698979591836,0.8988265306122449,,PRUNED
153,0.8983928571428572,2026-04-21 23:00:19.465359,2026-04-21 23:00:31.262449,0 days 00:00:11.797090,block_16,0.005861256226566076,constant,0.3275592166751119,1024,adamw,0.8536989795918368,0.8983928571428572,,PRUNED
154,0.9310841836734695,2026-04-21 23:00:31.420426,2026-04-21 23:01:45.356779,0 days 00:01:13.936353,block_16,0.0064730981455907305,constant,0.27234771822865084,1024,adamw,0.9228316326530612,,,COMPLETE
155,0.9209693877551021,2026-04-21 23:01:45.504903,2026-04-21 23:02:14.576547,0 days 00:00:29.071644,block_16,0.006940170520889235,constant,0.3519000813374634,3072,adamw,0.9209693877551021,,,PRUNED
156,0.851670918367347,2026-04-21 23:02:14.723292,2026-04-21 23:02:20.758162,0 days 00:00:06.034870,block_16,0.0077556037785898565,constant,0.3306020513018433,1024,adamw,0.851670918367347,,,PRUNED
157,0.9227806122448979,2026-04-21 23:02:20.901963,2026-04-21 23:02:49.960383,0 days 00:00:29.058420,block_16,0.005450192927338299,constant,0.2686344159541965,1024,adamw,0.8545663265306124,0.901045918367347,0.9227806122448979,PRUNED
158,0.9209948979591838,2026-04-21 23:02:50.093813,2026-04-21 23:03:19.310518,0 days 00:00:29.216705,block_16,0.006334057175122258,constant,0.2815523684485536,4096,adamw,0.9032270408163265,0.9209948979591838,,PRUNED
159,0.9314413265306123,2026-04-21 23:03:19.471603,2026-04-21 23:04:33.820318,0 days 00:01:14.348715,block_16,0.005730555591007618,constant,0.33326646726503095,1024,adamw,0.8538775510204081,0.9016964285714285,0.9230612244897959,COMPLETE
160,0.9226530612244898,2026-04-21 23:04:33.965717,2026-04-21 23:05:03.516529,0 days 00:00:29.550812,block_16,0.007526008383609308,constant,0.24293970288953431,1024,adamw,0.9016326530612245,0.9226530612244898,,PRUNED
161,0.8531122448979592,2026-04-21 23:05:03.669072,2026-04-21 23:05:09.835029,0 days 00:00:06.165957,block_16,0.007121148090617038,constant,0.3186104460720511,1024,adamw,0.8531122448979592,,,PRUNED
162,0.8923086734693877,2026-04-21 23:05:09.984977,2026-04-21 23:05:21.965169,0 days 00:00:11.980192,block_16,0.009460632676231272,constant,0.29240303681013036,1024,adamw,0.8923086734693877,,,PRUNED
163,0.9316326530612244,2026-04-21 23:05:22.111733,2026-04-21 23:06:36.836644,0 days 00:01:14.724911,block_16,0.005630337473149293,constant,0.2776707821358137,1024,adamw,0.8552295918367347,0.9032270408163264,0.9230867346938776,COMPLETE
164,0.8733290816326531,2026-04-21 23:06:36.977384,2026-04-21 23:06:48.899039,0 days 00:00:11.921655,block_16,0.024723439280172593,constant,0.18606380608201012,2048,adamw,0.8733290816326531,,,PRUNED
165,0.7967219387755102,2026-04-21 23:06:49.048195,2026-04-21 23:06:55.235753,0 days 00:00:06.187558,block_16,0.03973971314615303,constant,0.22607660308896518,3072,adamw,0.7967219387755102,,,PRUNED
166,0.9000510204081633,2026-04-21 23:06:55.376852,2026-04-21 23:07:07.284439,0 days 00:00:11.907587,block_16,0.005143782402851459,constant,0.23287135491159686,1024,adamw,0.8551658163265307,0.9000510204081633,,PRUNED
167,0.8300637755102042,2026-04-21 23:07:07.419463,2026-04-21 23:07:13.584199,0 days 00:00:06.164736,block_16,0.005282662556144426,constant,0.2570015505231518,2048,adamw,0.8300637755102042,,,PRUNED
168,0.8518622448979594,2026-04-21 23:07:13.728593,2026-04-21 23:07:19.829483,0 days 00:00:06.100890,block_16,0.005020339269132759,constant,0.32096638438743885,1024,adamw,0.8518622448979594,,,PRUNED
169,0.8997193877551021,2026-04-21 23:07:19.990257,2026-04-21 23:07:31.845179,0 days 00:00:11.854922,block_16,0.005151345585763238,constant,0.2802568499254053,1024,adamw,0.8997193877551021,,,PRUNED
170,0.8511352040816327,2026-04-21 23:07:32.002392,2026-04-21 23:07:38.125582,0 days 00:00:06.123190,block_16,0.007343496667914101,constant,0.2675070074980003,1024,adamw,0.8511352040816327,,,PRUNED
171,0.798686224489796,2026-04-21 23:07:38.269465,2026-04-21 23:07:44.362201,0 days 00:00:06.092736,block_16,0.03175658580542483,constant,0.3228158111624353,2048,adamw,0.798686224489796,,,PRUNED
172,0.8992219387755102,2026-04-21 23:07:44.526406,2026-04-21 23:07:56.398497,0 days 00:00:11.872091,block_16,0.00718508472557128,constant,0.28905936178606084,1024,adamw,0.8992219387755102,,,PRUNED
173,0.9211734693877551,2026-04-21 23:07:56.549706,2026-04-21 23:08:25.906906,0 days 00:00:29.357200,block_16,0.005195536307426219,constant,0.28730302305582506,3072,adamw,0.9211734693877551,,,PRUNED
174,0.9010076530612244,2026-04-21 23:08:26.046455,2026-04-21 23:08:38.036053,0 days 00:00:11.989598,block_16,0.005353913595771439,constant,0.2872321084701791,1024,adamw,0.8539668367346939,0.9010076530612244,,PRUNED
175,0.8192984693877551,2026-04-21 23:08:38.208532,2026-04-21 23:08:44.312441,0 days 00:00:06.103909,block_16,0.01093126974300526,constant,0.3702636450495376,1024,adamw,0.8192984693877551,,,PRUNED
176,0.8985331632653061,2026-04-21 23:08:44.458076,2026-04-21 23:08:56.414185,0 days 00:00:11.956109,block_16,0.00500112581996661,constant,0.28286828085361987,1024,adamw,0.8985331632653061,,,PRUNED
177,0.8035586734693877,2026-04-21 23:08:56.575603,2026-04-21 23:09:02.746533,0 days 00:00:06.170930,block_16,0.01333090868141402,constant,0.2602503044598362,1024,adamw,0.8035586734693877,,,PRUNED
178,0.9226147959183674,2026-04-21 23:09:02.893245,2026-04-21 23:09:32.419566,0 days 00:00:29.526321,block_16,0.00811819052551899,constant,0.29600682769889597,1024,adamw,0.9011734693877552,0.9226147959183674,,PRUNED
179,0.9170408163265306,2026-04-21 23:09:32.559494,2026-04-21 23:10:01.974400,0 days 00:00:29.414906,block_16,0.01660903046037835,constant,0.32299483646044014,3072,adamw,0.9170408163265306,,,PRUNED
180,0.8993239795918366,2026-04-21 23:10:02.102778,2026-04-21 23:10:14.068481,0 days 00:00:11.965703,block_16,0.00567339467498515,constant,0.3965793278890924,1024,adamw,0.8993239795918366,,,PRUNED
181,0.8532780612244899,2026-04-21 23:10:14.210729,2026-04-21 23:10:20.337994,0 days 00:00:06.127265,block_16,0.00689050073397135,constant,0.2754031989519183,1024,adamw,0.8532780612244899,,,PRUNED
182,0.8991964285714286,2026-04-21 23:10:20.472948,2026-04-21 23:10:32.415086,0 days 00:00:11.942138,block_16,0.0050028559433323095,constant,0.24916930836155093,1024,adamw,0.853609693877551,0.8991964285714286,,PRUNED
183,0.9308290816326531,2026-04-21 23:10:32.568102,2026-04-21 23:11:47.391664,0 days 00:01:14.823562,block_16,0.005060933286867285,constant,0.34074557868860117,1024,adamw,0.9226147959183673,,,COMPLETE
184,0.9320663265306123,2026-04-21 23:11:47.549124,2026-04-21 23:13:02.387534,0 days 00:01:14.838410,block_16,0.007617632835751313,constant,0.2104876883014319,1024,adamw,0.8729591836734695,0.9062372448979592,0.9229974489795918,COMPLETE
185,0.9314158163265306,2026-04-21 23:13:02.518504,2026-04-21 23:14:17.229609,0 days 00:01:14.711105,block_16,0.007696491861521407,constant,0.21504830427691402,1024,adamw,0.871109693877551,0.903265306122449,0.9243367346938776,COMPLETE
186,0.8404081632653062,2026-04-21 23:14:17.369511,2026-04-21 23:14:23.404043,0 days 00:00:06.034532,block_16,0.008772144401191258,constant,0.18569153678974853,1024,adamw,0.8404081632653062,,,PRUNED
187,0.9308801020408164,2026-04-21 23:14:23.547239,2026-04-21 23:15:37.060542,0 days 00:01:13.513303,block_16,0.00783921296221697,constant,0.20562064873654076,1024,adamw,0.8672066326530613,0.9041454081632653,0.9241581632653062,COMPLETE
188,0.9316071428571429,2026-04-21 23:15:37.214321,2026-04-21 23:16:51.038384,0 days 00:01:13.824063,block_16,0.008167279833476789,constant,0.27390526582820507,1024,adamw,0.9230867346938776,,,COMPLETE
189,0.8903061224489796,2026-04-21 23:16:51.196833,2026-04-21 23:17:02.984827,0 days 00:00:11.787994,block_16,0.009391370453549314,constant,0.25510676918484926,1024,adamw,0.8903061224489796,,,PRUNED
190,0.9309438775510204,2026-04-21 23:17:03.133180,2026-04-21 23:18:16.724796,0 days 00:01:13.591616,block_16,0.007686076905167415,constant,0.22833800878665952,1024,adamw,0.8716836734693878,0.9055612244897959,0.9233418367346938,COMPLETE
191,0.9286734693877551,2026-04-21 23:18:16.904274,2026-04-21 23:19:30.667982,0 days 00:01:13.763708,block_16,0.007593171311148347,constant,0.05724390171076271,3072,adamw,0.9227678571428573,,,COMPLETE
192,0.8451658163265305,2026-04-21 23:19:30.809980,2026-04-21 23:19:36.861122,0 days 00:00:06.051142,block_16,0.00860091779815304,constant,0.3015115854361273,1024,adamw,0.8451658163265305,,,PRUNED
193,0.9221301020408164,2026-04-21 23:19:37.009085,2026-04-21 23:20:06.022613,0 days 00:00:29.013528,block_16,0.007357323410182765,constant,0.2556675633614607,1024,adamw,0.9221301020408164,,,PRUNED
194,0.8490816326530612,2026-04-21 23:20:06.166685,2026-04-21 23:20:12.200987,0 days 00:00:06.034302,block_16,0.007398041018611767,constant,0.32898743503004624,1024,adamw,0.8490816326530612,,,PRUNED
195,0.9315051020408164,2026-04-21 23:20:12.349327,2026-04-21 23:21:25.972802,0 days 00:01:13.623475,block_16,0.008168339246325188,constant,0.265022622373236,1024,adamw,0.922780612244898,,,COMPLETE
196,0.8914285714285713,2026-04-21 23:21:26.114621,2026-04-21 23:21:37.881712,0 days 00:00:11.767091,block_16,0.014154103129526661,constant,0.39571308464929894,2048,adamw,0.8914285714285713,,,PRUNED
197,0.9313010204081632,2026-04-21 23:21:38.038916,2026-04-21 23:22:52.503288,0 days 00:01:14.464372,block_16,0.00521007760494013,constant,0.18892979468228144,1024,adamw,0.923201530612245,,,COMPLETE
198,0.9173724489795919,2026-04-21 23:22:52.669705,2026-04-21 23:23:21.701626,0 days 00:00:29.031921,block_16,0.02042108401527434,constant,0.34238096125804934,2048,adamw,0.9173724489795919,,,PRUNED
199,0.9318112244897959,2026-04-21 23:23:21.855036,2026-04-21 23:24:35.826514,0 days 00:01:13.971478,block_16,0.007095882849910112,constant,0.3124523830975123,1024,adamw,0.9228316326530612,,,COMPLETE
200,0.9225,2026-04-21 23:24:35.969834,2026-04-21 23:25:05.302456,0 days 00:00:29.332622,block_16,0.0078471959125729,constant,0.2927761306443364,1024,adamw,0.866811224489796,0.9031505102040817,0.9225,PRUNED
201,0.9222066326530612,2026-04-21 23:25:05.455660,2026-04-21 23:25:34.631709,0 days 00:00:29.176049,block_16,0.00794316458736132,constant,0.3444473081550941,1024,adamw,0.8678061224489797,0.9024107142857143,0.9222066326530612,PRUNED
202,0.9225127551020408,2026-04-21 23:25:34.798963,2026-04-21 23:26:03.914720,0 days 00:00:29.115757,block_16,0.0054656119825992455,constant,0.29182610211933263,1024,adamw,0.9006760204081632,0.9225127551020408,,PRUNED
203,0.9227678571428571,2026-04-21 23:26:04.051575,2026-04-21 23:26:32.942665,0 days 00:00:28.891090,block_16,0.007650895293205771,constant,0.30788483135422284,1024,adamw,0.9227678571428571,,,PRUNED
204,0.8629846938775512,2026-04-21 23:26:33.069581,2026-04-21 23:26:44.822931,0 days 00:00:11.753350,block_16,0.06791597904330457,constant,0.17774468546811856,4096,adamw,0.8629846938775512,,,PRUNED
205,0.8149872448979593,2026-04-21 23:26:44.972851,2026-04-21 23:26:50.970597,0 days 00:00:05.997746,block_16,0.040156771763063356,constant,0.08184501931102017,2048,adamw,0.8149872448979593,,,PRUNED
206,0.8990816326530613,2026-04-21 23:26:51.138995,2026-04-21 23:27:03.013348,0 days 00:00:11.874353,block_16,0.00505597545878705,constant,0.26308202965109595,1024,adamw,0.8990816326530613,,,PRUNED
207,0.8525510204081632,2026-04-21 23:27:03.151712,2026-04-21 23:27:09.257232,0 days 00:00:06.105520,block_16,0.006862382439214165,constant,0.305428782739841,1024,adamw,0.8525510204081632,,,PRUNED
208,0.7994260204081632,2026-04-21 23:27:09.410902,2026-04-21 23:27:15.495838,0 days 00:00:06.084936,block_16,0.013774570737531248,constant,0.3246780101359424,1024,adamw,0.7994260204081632,,,PRUNED
209,0.7759311224489797,2026-04-21 23:27:15.633825,2026-04-21 23:27:21.693684,0 days 00:00:06.059859,block_16,0.056584311596786376,constant,0.3921918737020494,4096,adamw,0.7759311224489797,,,PRUNED
210,0.9220790816326531,2026-04-21 23:27:21.852161,2026-04-21 23:27:51.139913,0 days 00:00:29.287752,block_16,0.007160406931692641,constant,0.2600725617301315,1024,adamw,0.9003826530612244,0.9220790816326531,,PRUNED
211,0.8999744897959184,2026-04-21 23:27:51.311875,2026-04-21 23:28:03.128912,0 days 00:00:11.817037,block_16,0.005270677302259076,constant,0.29545643824423395,1024,adamw,0.8544005102040817,0.8999744897959184,,PRUNED
212,0.8514285714285714,2026-04-21 23:28:03.267508,2026-04-21 23:28:09.340133,0 days 00:00:06.072625,block_16,0.006978325613645201,constant,0.339854320006125,1024,adamw,0.8514285714285714,,,PRUNED
213,0.9223086734693877,2026-04-21 23:28:09.472041,2026-04-21 23:28:38.571037,0 days 00:00:29.098996,block_16,0.006542716444162246,constant,0.2693565752231351,1024,adamw,0.9223086734693877,,,PRUNED
214,0.9224617346938776,2026-04-21 23:28:38.712617,2026-04-21 23:29:07.767755,0 days 00:00:29.055138,block_16,0.0054122623641837415,constant,0.29255239220066714,1024,adamw,0.9011479591836735,0.9224617346938776,,PRUNED
215,0.8347066326530612,2026-04-21 23:29:07.929500,2026-04-21 23:29:14.024269,0 days 00:00:06.094769,block_16,0.010136947316327848,constant,0.13758287732217603,4096,adamw,0.8347066326530612,,,PRUNED
216,0.8388775510204082,2026-04-21 23:29:14.176492,2026-04-21 23:29:20.283277,0 days 00:00:06.106785,block_16,0.008994757709667707,constant,0.2826434489512105,1024,adamw,0.8388775510204082,,,PRUNED
217,0.8962117346938775,2026-04-21 23:29:20.442425,2026-04-21 23:29:32.218852,0 days 00:00:11.776427,block_16,0.008715795969723952,constant,0.3273577383118207,2048,adamw,0.8962117346938775,,,PRUNED
218,0.8521301020408163,2026-04-21 23:29:32.370951,2026-04-21 23:29:38.471601,0 days 00:00:06.100650,block_16,0.0050534003812594845,constant,0.3189730965354111,1024,adamw,0.8521301020408163,,,PRUNED
219,0.8998086734693879,2026-04-21 23:29:38.621755,2026-04-21 23:29:50.438453,0 days 00:00:11.816698,block_16,0.005146275376090392,constant,0.23809143433328997,1024,adamw,0.8998086734693879,,,PRUNED
220,0.9212755102040816,2026-04-21 23:29:50.582764,2026-04-21 23:30:19.828637,0 days 00:00:29.245873,block_16,0.009499620126714384,constant,0.2720970789296395,3072,adamw,0.9212755102040816,,,PRUNED
221,0.8897448979591838,2026-04-21 23:30:19.979615,2026-04-21 23:30:31.808297,0 days 00:00:11.828682,block_16,0.011625965444207539,constant,0.2575167345443244,1024,adamw,0.8897448979591838,,,PRUNED
222,0.8507780612244897,2026-04-21 23:30:31.960675,2026-04-21 23:30:37.952247,0 days 00:00:05.991572,block_16,0.008363776082979456,constant,0.2682776923674165,1024,adamw,0.8507780612244897,,,PRUNED
223,0.9293622448979592,2026-04-21 23:30:38.092277,2026-04-21 23:31:51.864855,0 days 00:01:13.772578,block_16,0.007925233230180177,constant,0.2391961365404176,1024,adamw,0.9236479591836735,,,COMPLETE
224,0.922920918367347,2026-04-21 23:31:52.013754,2026-04-21 23:32:21.120817,0 days 00:00:29.107063,block_16,0.007826645392167488,constant,0.26479432950181075,1024,adamw,0.8703571428571428,0.9043367346938775,0.922920918367347,PRUNED
225,0.8123469387755102,2026-04-21 23:32:21.271804,2026-04-21 23:32:27.287426,0 days 00:00:06.015622,block_16,0.0086274489697589,constant,0.28555234562604237,4096,adamw,0.8123469387755102,,,PRUNED
226,0.8983035714285714,2026-04-21 23:32:27.436157,2026-04-21 23:32:39.207916,0 days 00:00:11.771759,block_16,0.007244905473000092,constant,0.28421936602401654,1024,adamw,0.8983035714285714,,,PRUNED
227,0.896109693877551,2026-04-21 23:32:39.358288,2026-04-21 23:32:51.140261,0 days 00:00:11.781973,block_16,0.007325292101842387,constant,0.325614668801728,1024,adamw,0.896109693877551,,,PRUNED
228,0.8995663265306123,2026-04-21 23:32:51.286952,2026-04-21 23:33:03.006347,0 days 00:00:11.719395,block_16,0.00511616977479195,constant,0.2598710621673934,1024,adamw,0.8544005102040816,0.8995663265306123,,PRUNED
229,0.9012117346938776,2026-04-21 23:33:03.142190,2026-04-21 23:33:14.905842,0 days 00:00:11.763652,block_16,0.008031834979687853,constant,0.2832137311891388,1024,adamw,0.8587882653061224,0.9012117346938776,,PRUNED
230,0.8517346938775511,2026-04-21 23:33:15.052791,2026-04-21 23:33:21.054293,0 days 00:00:06.001502,block_16,0.005037962719281718,constant,0.37170143258594474,1024,adamw,0.8517346938775511,,,PRUNED
231,0.9226785714285715,2026-04-21 23:33:21.196846,2026-04-21 23:33:50.105323,0 days 00:00:28.908477,block_16,0.026319941383338503,constant,0.16457111457829088,1024,adamw,0.9226785714285715,,,PRUNED
232,0.9314030612244898,2026-04-21 23:33:50.257387,2026-04-21 23:35:03.614458,0 days 00:01:13.357071,block_16,0.006887079451326914,constant,0.26360200542672085,1024,adamw,0.9231377551020409,,,COMPLETE
233,0.8524362244897961,2026-04-21 23:35:03.761534,2026-04-21 23:35:09.793067,0 days 00:00:06.031533,block_16,0.005065845819908211,constant,0.3130693465155646,1024,adamw,0.8524362244897961,,,PRUNED
234,0.8879974489795919,2026-04-21 23:35:09.935416,2026-04-21 23:35:21.720673,0 days 00:00:11.785257,block_16,0.01238343069333308,constant,0.21984380412728535,1024,adamw,0.8879974489795919,,,PRUNED
235,0.9221938775510204,2026-04-21 23:35:21.853921,2026-04-21 23:35:51.025489,0 days 00:00:29.171568,block_16,0.019192730691107895,constant,0.13904836188397074,1024,adamw,0.9221938775510204,,,PRUNED
236,0.8144387755102042,2026-04-21 23:35:51.171244,2026-04-21 23:35:57.325285,0 days 00:00:06.154041,block_16,0.005082601690710763,constant,0.17824132010366472,4096,adamw,0.8144387755102042,,,PRUNED
237,0.7780994897959184,2026-04-21 23:35:57.480985,2026-04-21 23:36:03.491153,0 days 00:00:06.010168,block_16,0.02114211817211076,constant,0.19994127173093465,1024,adamw,0.7780994897959184,,,PRUNED
238,0.8907908163265306,2026-04-21 23:36:03.711592,2026-04-21 23:36:15.605873,0 days 00:00:11.894281,block_16,0.04205492846232823,constant,0.13341483618146366,1024,adamw,0.8907908163265306,,,PRUNED
239,0.9219132653061225,2026-04-21 23:36:15.744209,2026-04-21 23:36:44.966451,0 days 00:00:29.222242,block_16,0.008743554776668702,constant,0.33345154665638566,1024,adamw,0.9219132653061225,,,PRUNED
240,0.9221683673469387,2026-04-21 23:36:45.105589,2026-04-21 23:37:14.034632,0 days 00:00:28.929043,block_16,0.006380080396285977,constant,0.21615447254416922,1024,adamw,0.9221683673469387,,,PRUNED
241,0.8978571428571429,2026-04-21 23:37:14.164010,2026-04-21 23:37:25.849163,0 days 00:00:11.685153,block_16,0.007197461523867024,constant,0.3507832907121401,1024,adamw,0.8978571428571429,,,PRUNED
242,0.8520535714285713,2026-04-21 23:37:25.988296,2026-04-21 23:37:31.931813,0 days 00:00:05.943517,block_16,0.005041402250984782,constant,0.3257842962478587,1024,adamw,0.8520535714285713,,,PRUNED
243,0.931530612244898,2026-04-21 23:37:32.069570,2026-04-21 23:38:45.988754,0 days 00:01:13.919184,block_16,0.0073510701628496595,constant,0.33650656730984035,1024,adamw,0.9232397959183674,,,COMPLETE
244,0.826173469387755,2026-04-21 23:38:46.145110,2026-04-21 23:38:52.163826,0 days 00:00:06.018716,block_16,0.009797518774014238,constant,0.3107969668445242,1024,adamw,0.826173469387755,,,PRUNED
245,0.8127295918367345,2026-04-21 23:38:52.305161,2026-04-21 23:38:58.406682,0 days 00:00:06.101521,block_16,0.01048746668778806,constant,0.06006678116732336,1024,adamw,0.8127295918367345,,,PRUNED
246,0.9222704081632653,2026-04-21 23:38:58.546755,2026-04-21 23:39:27.517118,0 days 00:00:28.970363,block_16,0.007533514532284905,constant,0.359286846417478,1024,adamw,0.9222704081632653,,,PRUNED
247,0.9293750000000001,2026-04-21 23:39:27.643833,2026-04-21 23:40:41.362202,0 days 00:01:13.718369,block_16,0.007520402506444958,constant,0.2644383419087288,1024,adamw,0.9008290816326531,0.9231760204081634,,COMPLETE
248,0.9221045918367348,2026-04-21 23:40:41.523553,2026-04-21 23:41:10.904012,0 days 00:00:29.380459,block_16,0.006403586296412332,constant,0.29555513520518806,1024,adamw,0.9006632653061224,0.9221045918367348,,PRUNED
249,0.8521811224489795,2026-04-21 23:41:11.053551,2026-04-21 23:41:17.196374,0 days 00:00:06.142823,block_16,0.006733127389692425,constant,0.26640415682330865,1024,adamw,0.8521811224489795,,,PRUNED
250,0.8497576530612245,2026-04-21 23:41:17.349933,2026-04-21 23:41:23.454651,0 days 00:00:06.104718,block_16,0.007892411678432161,constant,0.39414161235670575,1024,adamw,0.8497576530612245,,,PRUNED
251,0.8999617346938775,2026-04-21 23:41:23.655191,2026-04-21 23:41:35.480191,0 days 00:00:11.825000,block_16,0.005194727217993369,constant,0.2527622021862505,1024,adamw,0.8553316326530613,0.8999617346938775,,PRUNED
252,0.8954591836734693,2026-04-21 23:41:35.628634,2026-04-21 23:41:47.500758,0 days 00:00:11.872124,block_16,0.009126937809968264,constant,0.3030799147528954,1024,adamw,0.8954591836734693,,,PRUNED
253,0.931875,2026-04-21 23:41:47.635962,2026-04-21 23:43:01.541398,0 days 00:01:13.905436,block_16,0.006576024489989187,constant,0.28424078983825674,1024,adamw,0.9229719387755102,,,COMPLETE
254,0.9224489795918368,2026-04-21 23:43:01.693960,2026-04-21 23:43:30.566323,0 days 00:00:28.872363,block_16,0.006218158353305543,constant,0.31126701634760084,1024,adamw,0.8606887755102042,0.9034438775510204,0.9224489795918368,PRUNED
255,0.8912755102040817,2026-04-21 23:43:30.699972,2026-04-21 23:43:42.545784,0 days 00:00:11.845812,block_16,0.009944138618893187,constant,0.2456942928652632,1024,adamw,0.8912755102040817,,,PRUNED
256,0.8137372448979592,2026-04-21 23:43:42.693613,2026-04-21 23:43:48.788170,0 days 00:00:06.094557,block_16,0.005152856664637539,constant,0.2699337024442913,4096,adamw,0.8137372448979592,,,PRUNED
257,0.9317602040816326,2026-04-21 23:43:49.005766,2026-04-21 23:45:03.019250,0 days 00:01:14.013484,block_16,0.006801661652369542,constant,0.30020881751578976,1024,adamw,0.9018877551020408,0.9232397959183674,,COMPLETE
258,0.9220153061224491,2026-04-21 23:45:03.164863,2026-04-21 23:45:32.328885,0 days 00:00:29.164022,block_16,0.0072684163657555645,constant,0.3284498857688924,1024,adamw,0.9220153061224491,,,PRUNED
259,0.9225255102040816,2026-04-21 23:45:32.474913,2026-04-21 23:46:01.716549,0 days 00:00:29.241636,block_16,0.0051193389294321885,constant,0.2673720238459962,1024,adamw,0.9225255102040816,,,PRUNED
260,0.9219387755102041,2026-04-21 23:46:01.930990,2026-04-21 23:46:31.144828,0 days 00:00:29.213838,block_16,0.0058658086871033865,constant,0.3134187291054805,1024,adamw,0.9219387755102041,,,PRUNED
261,0.8028826530612244,2026-04-21 23:46:31.292063,2026-04-21 23:46:37.332343,0 days 00:00:06.040280,block_16,0.02365357483986381,constant,0.36393940629389554,2048,adamw,0.8028826530612244,,,PRUNED
262,0.8528698979591838,2026-04-21 23:46:37.464655,2026-04-21 23:46:43.427238,0 days 00:00:05.962583,block_16,0.0067462135048844876,constant,0.28911875787417746,1024,adamw,0.8528698979591838,,,PRUNED
263,0.9006377551020407,2026-04-21 23:46:43.551652,2026-04-21 23:46:55.413882,0 days 00:00:11.862230,block_16,0.006388415152550487,constant,0.3023243913644221,1024,adamw,0.8569515306122449,0.9006377551020407,,PRUNED
264,0.9001785714285715,2026-04-21 23:46:55.541095,2026-04-21 23:47:07.272092,0 days 00:00:11.730997,block_16,0.005273583691846369,constant,0.29347115684231634,1024,adamw,0.8544005102040817,0.9001785714285715,,PRUNED
265,0.8497831632653061,2026-04-21 23:47:07.397069,2026-04-21 23:47:13.438654,0 days 00:00:06.041585,block_16,0.007964589680857266,constant,0.21582938346489888,1024,adamw,0.8497831632653061,,,PRUNED
266,0.8460331632653061,2026-04-21 23:47:13.596574,2026-04-21 23:47:19.701642,0 days 00:00:06.105068,block_16,0.008245377410921325,constant,0.2946841760849712,1024,adamw,0.8460331632653061,,,PRUNED
267,0.9014285714285715,2026-04-21 23:47:19.858728,2026-04-21 23:47:31.811881,0 days 00:00:11.953153,block_16,0.007961114135071667,constant,0.3557537287917985,1024,adamw,0.8667602040816327,0.9014285714285715,,PRUNED
268,0.8526913265306123,2026-04-21 23:47:31.965781,2026-04-21 23:47:38.023370,0 days 00:00:06.057589,block_16,0.006802778371764664,constant,0.26108627927731276,1024,adamw,0.8526913265306123,,,PRUNED
269,0.8377678571428571,2026-04-21 23:47:38.169976,2026-04-21 23:47:44.208083,0 days 00:00:06.038107,block_16,0.019068841025945523,constant,0.07749226851811453,3072,adamw,0.8377678571428571,,,PRUNED
270,0.8332908163265306,2026-04-21 23:47:44.351678,2026-04-21 23:47:50.447693,0 days 00:00:06.096015,block_16,0.005205721323475274,constant,0.34678220041994523,2048,adamw,0.8332908163265306,,,PRUNED
271,0.8530612244897959,2026-04-21 23:47:50.613659,2026-04-21 23:47:56.643400,0 days 00:00:06.029741,block_16,0.005029197365174323,constant,0.2670150898880713,1024,adamw,0.8530612244897959,,,PRUNED
272,0.8984311224489797,2026-04-21 23:47:56.779644,2026-04-21 23:48:08.612304,0 days 00:00:11.832660,block_16,0.006003118152718895,constant,0.3552265654301803,1024,adamw,0.8984311224489797,,,PRUNED
273,0.8694770408163264,2026-04-21 23:48:08.745535,2026-04-21 23:48:20.619193,0 days 00:00:11.873658,block_16,0.02973938012373806,constant,0.21623580579746393,4096,adamw,0.8694770408163264,,,PRUNED
274,0.9312244897959183,2026-04-21 23:48:20.763121,2026-04-21 23:49:34.732652,0 days 00:01:13.969531,block_16,0.008016016248099743,constant,0.27674669227147625,1024,adamw,0.8628316326530612,0.903405612244898,0.9231760204081633,COMPLETE
275,0.921045918367347,2026-04-21 23:49:34.876523,2026-04-21 23:50:03.878988,0 days 00:00:29.002465,block_16,0.010756856943839002,constant,0.13730318191260094,2048,adamw,0.921045918367347,,,PRUNED
276,0.8106122448979591,2026-04-21 23:50:04.016872,2026-04-21 23:50:10.011473,0 days 00:00:05.994601,block_16,0.0132236096466765,constant,0.312171858675447,1024,adamw,0.8106122448979591,,,PRUNED
277,0.8530612244897959,2026-04-21 23:50:10.161667,2026-04-21 23:50:16.248824,0 days 00:00:06.087157,block_16,0.006691380391868935,constant,0.22406552995380524,1024,adamw,0.8530612244897959,,,PRUNED
278,0.9221683673469387,2026-04-21 23:50:16.396115,2026-04-21 23:50:45.439953,0 days 00:00:29.043838,block_16,0.005108619535606591,constant,0.3775478766349537,1024,adamw,0.9221683673469387,,,PRUNED
279,0.9225382653061225,2026-04-21 23:50:45.634502,2026-04-21 23:51:14.658074,0 days 00:00:29.023572,block_16,0.007991069730560347,constant,0.3152782339938904,1024,adamw,0.8680994897959184,0.9035841836734694,0.9225382653061225,PRUNED
280,0.8524744897959184,2026-04-21 23:51:14.794600,2026-04-21 23:51:20.825794,0 days 00:00:06.031194,block_16,0.006878551703297985,constant,0.2947393570821696,1024,adamw,0.8524744897959184,,,PRUNED
281,0.8994260204081632,2026-04-21 23:51:20.963153,2026-04-21 23:51:32.664374,0 days 00:00:11.701221,block_16,0.005076761632640885,constant,0.24491168821460543,1024,adamw,0.8541836734693877,0.8994260204081632,,PRUNED
282,0.8892091836734695,2026-04-21 23:51:32.813046,2026-04-21 23:51:44.540525,0 days 00:00:11.727479,block_16,0.006847363544079402,constant,0.32984614857625993,4096,adamw,0.8892091836734695,,,PRUNED
283,0.9000510204081633,2026-04-21 23:51:44.728797,2026-04-21 23:51:56.516638,0 days 00:00:11.787841,block_16,0.005274733959574579,constant,0.2887425897738605,1024,adamw,0.8541581632653061,0.9000510204081633,,PRUNED
284,0.8274872448979592,2026-04-21 23:51:56.663996,2026-04-21 23:52:02.726680,0 days 00:00:06.062684,block_16,0.008546527028806324,constant,0.2382396717416268,2048,adamw,0.8274872448979592,,,PRUNED
285,0.8880484693877551,2026-04-21 23:52:02.867417,2026-04-21 23:52:14.540847,0 days 00:00:11.673430,block_16,0.01051893655351235,constant,0.28173130476027275,1024,adamw,0.8880484693877551,,,PRUNED
286,0.852640306122449,2026-04-21 23:52:14.683420,2026-04-21 23:52:20.653747,0 days 00:00:05.970327,block_16,0.007027882512816006,constant,0.32725713794196126,1024,adamw,0.852640306122449,,,PRUNED
287,0.9309311224489796,2026-04-21 23:52:20.789238,2026-04-21 23:53:34.732008,0 days 00:01:13.942770,block_16,0.00785597561387581,constant,0.22475631523391276,1024,adamw,0.8711224489795918,0.9060204081632653,0.9234948979591837,COMPLETE
288,0.8535969387755102,2026-04-21 23:53:34.881158,2026-04-21 23:53:40.958476,0 days 00:00:06.077318,block_16,0.005405079545971636,constant,0.32146454595921914,1024,adamw,0.8535969387755102,,,PRUNED
289,0.853405612244898,2026-04-21 23:53:41.112213,2026-04-21 23:53:47.171493,0 days 00:00:06.059280,block_16,0.007162771573690667,constant,0.283548091498629,1024,adamw,0.853405612244898,,,PRUNED
290,0.8525255102040817,2026-04-21 23:53:47.337022,2026-04-21 23:53:53.373155,0 days 00:00:06.036133,block_16,0.005001211982738189,constant,0.285123004872005,1024,adamw,0.8525255102040817,,,PRUNED
291,0.8295025510204082,2026-04-21 23:53:53.518942,2026-04-21 23:53:59.612619,0 days 00:00:06.093677,block_16,0.009641557382486047,constant,0.3385307978919074,1024,adamw,0.8295025510204082,,,PRUNED
292,0.8430994897959184,2026-04-21 23:53:59.779757,2026-04-21 23:54:05.828878,0 days 00:00:06.049121,block_16,0.007399713679350523,constant,0.2890485159312818,2048,adamw,0.8430994897959184,,,PRUNED
293,0.9223086734693877,2026-04-21 23:54:06.004763,2026-04-21 23:54:34.902442,0 days 00:00:28.897679,block_16,0.0067105838542363214,constant,0.2319855552200242,1024,adamw,0.9030739795918369,0.9223086734693877,,PRUNED
294,0.9210841836734693,2026-04-21 23:54:35.027372,2026-04-21 23:55:04.045164,0 days 00:00:29.017792,block_16,0.007208168533427452,constant,0.25834761576132936,3072,adamw,0.9210841836734693,,,PRUNED
295,0.9314540816326531,2026-04-21 23:55:04.202603,2026-04-21 23:56:17.583380,0 days 00:01:13.380777,block_16,0.007860407150437117,constant,0.2869484706240421,1024,adamw,0.9228188775510204,,,COMPLETE
296,0.9309311224489796,2026-04-21 23:56:17.724639,2026-04-21 23:57:31.501956,0 days 00:01:13.777317,block_16,0.007349442791648637,constant,0.273847474932235,1024,adamw,0.9233035714285713,,,COMPLETE
297,0.897219387755102,2026-04-21 23:57:31.638211,2026-04-21 23:57:43.410450,0 days 00:00:11.772239,block_16,0.005062194680401016,constant,0.3505497810762757,1024,adamw,0.897219387755102,,,PRUNED
298,0.7703954081632652,2026-04-21 23:57:43.562916,2026-04-21 23:57:49.583950,0 days 00:00:06.021034,block_16,0.015885552056660517,constant,0.28082875821025594,2048,adamw,0.7703954081632652,,,PRUNED
299,0.9014795918367348,2026-04-21 23:57:49.722619,2026-04-21 23:58:01.528945,0 days 00:00:11.806326,block_16,0.005287806167481392,constant,0.22145179897275846,1024,adamw,0.8552678571428571,0.9014795918367348,,PRUNED
300,0.9227168367346938,2026-04-21 23:58:01.686226,2026-04-21 23:58:30.480869,0 days 00:00:28.794643,block_16,0.007205025609936998,constant,0.29780724209035175,1024,adamw,0.9227168367346938,,,PRUNED
301,0.8420918367346938,2026-04-21 23:58:30.606837,2026-04-21 23:58:36.593787,0 days 00:00:05.986950,block_16,0.00666356339579826,constant,0.3132185609246009,3072,adamw,0.8420918367346938,,,PRUNED
302,0.899030612244898,2026-04-21 23:58:36.734211,2026-04-21 23:58:48.408228,0 days 00:00:11.674017,block_16,0.005161258430853184,constant,0.2939065942146657,1024,adamw,0.899030612244898,,,PRUNED
303,0.879170918367347,2026-04-21 23:58:48.539012,2026-04-21 23:59:00.217100,0 days 00:00:11.678088,block_16,0.023464828991465677,constant,0.07322977691366406,4096,adamw,0.879170918367347,,,PRUNED
304,0.9226403061224491,2026-04-21 23:59:00.366543,2026-04-21 23:59:29.228737,0 days 00:00:28.862194,block_16,0.007839938530368691,constant,0.33741706208409716,1024,adamw,0.9226403061224491,,,PRUNED
305,0.8310204081632654,2026-04-21 23:59:29.370406,2026-04-21 23:59:35.400448,0 days 00:00:06.030042,block_16,0.009328590933135556,constant,0.24382828581366012,1024,adamw,0.8310204081632654,,,PRUNED
306,0.9310841836734693,2026-04-21 23:59:35.596100,2026-04-22 00:00:48.899454,0 days 00:01:13.303354,block_16,0.006444895530842572,constant,0.24783602608082583,1024,adamw,0.9229209183673469,,,COMPLETE
307,0.8401785714285713,2026-04-22 00:00:49.043514,2026-04-22 00:00:55.023344,0 days 00:00:05.979830,block_16,0.008722662430792392,constant,0.15234661319598514,1024,adamw,0.8401785714285713,,,PRUNED
308,0.9221683673469387,2026-04-22 00:00:55.169555,2026-04-22 00:01:24.247639,0 days 00:00:29.078084,block_16,0.01065055690641938,constant,0.2853905008009505,1024,adamw,0.9221683673469387,,,PRUNED
309,0.8275892857142857,2026-04-22 00:01:24.400632,2026-04-22 00:01:30.431414,0 days 00:00:06.030782,block_16,0.01799567733605714,constant,0.3380386945922274,2048,adamw,0.8275892857142857,,,PRUNED
310,0.8521045918367346,2026-04-22 00:01:30.574894,2026-04-22 00:01:36.585648,0 days 00:00:06.010754,block_16,0.006997963978560401,constant,0.33551069802494143,1024,adamw,0.8521045918367346,,,PRUNED
311,0.8471301020408164,2026-04-22 00:01:36.721168,2026-04-22 00:01:42.804655,0 days 00:00:06.083487,block_16,0.008530949817527791,constant,0.3982727770614825,1024,adamw,0.8471301020408164,,,PRUNED
312,0.9012372448979592,2026-04-22 00:01:42.954029,2026-04-22 00:01:54.813423,0 days 00:00:11.859394,block_16,0.0063381573215000545,constant,0.2604702569474904,1024,adamw,0.8640816326530613,0.9012372448979592,,PRUNED
313,0.9225382653061225,2026-04-22 00:01:54.962900,2026-04-22 00:02:24.032977,0 days 00:00:29.070077,block_16,0.00506481254767848,constant,0.2949417822136283,1024,adamw,0.9225382653061225,,,PRUNED
314,0.8996811224489796,2026-04-22 00:02:24.181419,2026-04-22 00:02:36.135179,0 days 00:00:11.953760,block_16,0.0076926482706251775,constant,0.28143805932041527,1024,adamw,0.8536862244897959,0.8996811224489796,,PRUNED
315,0.7896301020408164,2026-04-22 00:02:36.270604,2026-04-22 00:02:42.344443,0 days 00:00:06.073839,block_16,0.05735718450186528,constant,0.07528308686532131,3072,adamw,0.7896301020408164,,,PRUNED
316,0.8992091836734694,2026-04-22 00:02:42.495985,2026-04-22 00:02:54.462969,0 days 00:00:11.966984,block_16,0.0050623269951286295,constant,0.2490570370456618,1024,adamw,0.8539030612244898,0.8992091836734694,,PRUNED
317,0.9296045918367346,2026-04-22 00:02:54.616394,2026-04-22 00:04:09.061109,0 days 00:01:14.444715,block_16,0.007997369204809163,constant,0.3153096810217304,1024,adamw,0.8680357142857142,0.9031632653061225,0.9230739795918368,COMPLETE
318,0.899170918367347,2026-04-22 00:04:09.191369,2026-04-22 00:04:20.897456,0 days 00:00:11.706087,block_16,0.006027436444670723,constant,0.33401762915667416,1024,adamw,0.8560841836734694,0.899170918367347,,PRUNED
319,0.9228698979591836,2026-04-22 00:04:21.048486,2026-04-22 00:04:50.049570,0 days 00:00:29.001084,block_16,0.00765828877982374,constant,0.25519094452713337,1024,adamw,0.8594387755102041,0.9025765306122449,0.9228698979591836,PRUNED
320,0.8984566326530612,2026-04-22 00:04:50.174015,2026-04-22 00:05:01.909549,0 days 00:00:11.735534,block_16,0.00709630610630116,constant,0.18247852265209466,1024,adamw,0.8984566326530612,,,PRUNED
321,0.9317984693877551,2026-04-22 00:05:02.052141,2026-04-22 00:06:15.465152,0 days 00:01:13.413011,block_16,0.006782548134369856,constant,0.3064018599340413,1024,adamw,0.9228571428571428,,,COMPLETE
322,0.7961862244897959,2026-04-22 00:06:15.601350,2026-04-22 00:06:21.543454,0 days 00:00:05.942104,block_16,0.025956843269692158,constant,0.3965315748868947,2048,adamw,0.7961862244897959,,,PRUNED
323,0.9225637755102041,2026-04-22 00:06:21.667003,2026-04-22 00:06:50.429406,0 days 00:00:28.762403,block_16,0.005243111317799725,constant,0.2802423664155988,1024,adamw,0.900420918367347,0.9225637755102041,,PRUNED
324,0.9008545918367348,2026-04-22 00:06:50.569700,2026-04-22 00:07:02.233522,0 days 00:00:11.663822,block_16,0.0071209343943107,constant,0.2713701177439407,1024,adamw,0.8537755102040817,0.9008545918367348,,PRUNED
325,0.8887372448979591,2026-04-22 00:07:02.387525,2026-04-22 00:07:14.095635,0 days 00:00:11.708110,block_16,0.01100798970826102,constant,0.2617337182309158,1024,adamw,0.8887372448979591,,,PRUNED
326,0.853469387755102,2026-04-22 00:07:14.262135,2026-04-22 00:07:20.263698,0 days 00:00:06.001563,block_16,0.006638368146576409,constant,0.2866415284812127,1024,adamw,0.853469387755102,,,PRUNED
327,0.898545918367347,2026-04-22 00:07:20.398504,2026-04-22 00:07:32.035398,0 days 00:00:11.636894,block_16,0.005230200809840162,constant,0.3298376101446455,1024,adamw,0.898545918367347,,,PRUNED
328,0.9298341836734694,2026-04-22 00:07:32.181730,2026-04-22 00:08:45.817284,0 days 00:01:13.635554,block_16,0.007916239509966809,constant,0.2443803667021412,1024,adamw,0.9050127551020407,0.924030612244898,,COMPLETE
329,0.8241326530612245,2026-04-22 00:08:45.967773,2026-04-22 00:08:51.972162,0 days 00:00:06.004389,block_16,0.010825002318641318,constant,0.3816862358526807,3072,adamw,0.8241326530612245,,,PRUNED
330,0.8474107142857144,2026-04-22 00:08:52.119122,2026-04-22 00:08:58.139678,0 days 00:00:06.020556,block_16,0.010765456065960625,constant,0.24594282766469297,4096,adamw,0.8474107142857144,,,PRUNED
331,0.852359693877551,2026-04-22 00:08:58.279759,2026-04-22 00:09:04.234347,0 days 00:00:05.954588,block_16,0.005039870784301995,constant,0.2891955852324918,1024,adamw,0.852359693877551,,,PRUNED
332,0.9012117346938776,2026-04-22 00:09:04.368932,2026-04-22 00:09:16.120206,0 days 00:00:11.751274,block_16,0.007842308237186112,constant,0.3138566730517386,1024,adamw,0.8639285714285715,0.9012117346938776,,PRUNED
333,0.8533035714285714,2026-04-22 00:09:16.261794,2026-04-22 00:09:22.225431,0 days 00:00:05.963637,block_16,0.00686825513902798,constant,0.2605621752733226,1024,adamw,0.8533035714285714,,,PRUNED
334,0.8939923469387755,2026-04-22 00:09:22.441790,2026-04-22 00:09:34.133722,0 days 00:00:11.691932,block_16,0.014240031773157254,constant,0.34239202521361245,4096,adamw,0.854170918367347,0.8939923469387755,,PRUNED
335,0.9315688775510205,2026-04-22 00:09:34.285794,2026-04-22 00:10:47.726653,0 days 00:01:13.440859,block_16,0.005797645692051593,constant,0.3996918199951587,1024,adamw,0.9001147959183673,0.922780612244898,,COMPLETE
336,0.8971683673469387,2026-04-22 00:10:47.865094,2026-04-22 00:10:59.669278,0 days 00:00:11.804184,block_16,0.005963565049979669,constant,0.39938102331212455,2048,adamw,0.8971683673469387,,,PRUNED
337,0.8505102040816326,2026-04-22 00:10:59.837544,2026-04-22 00:11:05.894936,0 days 00:00:06.057392,block_16,0.006900358204392926,constant,0.39657839859555644,1024,adamw,0.8505102040816326,,,PRUNED
338,0.8510076530612244,2026-04-22 00:11:06.040249,2026-04-22 00:11:12.045306,0 days 00:00:06.005057,block_16,0.006788562325036605,constant,0.3786537702527511,1024,adamw,0.8510076530612244,,,PRUNED
339,0.9319132653061225,2026-04-22 00:11:12.174172,2026-04-22 00:12:25.786155,0 days 00:01:13.611983,block_16,0.005667486015262537,constant,0.38194952553416456,1024,adamw,0.9004336734693877,0.9230867346938775,,COMPLETE
340,0.8970663265306122,2026-04-22 00:12:25.924671,2026-04-22 00:12:37.691707,0 days 00:00:11.767036,block_16,0.006244000134625239,constant,0.380480345826029,1024,adamw,0.8970663265306122,,,PRUNED
341,0.9009056122448981,2026-04-22 00:12:37.914173,2026-04-22 00:12:49.697337,0 days 00:00:11.783164,block_16,0.006102237438935619,constant,0.2024976839076507,1024,adamw,0.8652295918367346,0.9009056122448981,,PRUNED
342,0.9225637755102041,2026-04-22 00:12:49.844583,2026-04-22 00:13:18.849813,0 days 00:00:29.005230,block_16,0.010673311452031346,constant,0.27837088914352454,1024,adamw,0.9225637755102041,,,PRUNED
343,0.7436479591836734,2026-04-22 00:13:18.999952,2026-04-22 00:13:25.013034,0 days 00:00:06.013082,block_16,0.015503092633348802,constant,0.2030624105926543,3072,adamw,0.7436479591836734,,,PRUNED
344,0.8531632653061224,2026-04-22 00:13:25.157381,2026-04-22 00:13:31.231826,0 days 00:00:06.074445,block_16,0.005323112329623941,constant,0.3377992044376321,1024,adamw,0.8531632653061224,,,PRUNED
345,0.9228316326530612,2026-04-22 00:13:31.373652,2026-04-22 00:14:00.501971,0 days 00:00:29.128319,block_16,0.007954236299027436,constant,0.31282679106111877,1024,adamw,0.8685969387755103,0.9035586734693877,0.9228316326530612,PRUNED
346,0.8917091836734694,2026-04-22 00:14:00.649153,2026-04-22 00:14:12.493962,0 days 00:00:11.844809,block_16,0.010085624550148073,constant,0.20603116063788074,1024,adamw,0.8917091836734694,,,PRUNED
347,0.9224107142857142,2026-04-22 00:14:12.654989,2026-04-22 00:14:41.665380,0 days 00:00:29.010391,block_16,0.006981445947257505,constant,0.257541208640491,1024,adamw,0.8548724489795918,0.9034948979591838,0.9224107142857142,PRUNED
348,0.8974617346938776,2026-04-22 00:14:41.877880,2026-04-22 00:14:53.718447,0 days 00:00:11.840567,block_16,0.0052044767870313945,constant,0.36428698070508736,1024,adamw,0.8974617346938776,,,PRUNED
349,0.8033545918367346,2026-04-22 00:14:53.874731,2026-04-22 00:14:59.958613,0 days 00:00:06.083882,block_16,0.07013744907400184,constant,0.11244832455293273,2048,adamw,0.8033545918367346,,,PRUNED
350,0.8465433673469388,2026-04-22 00:15:00.100566,2026-04-22 00:15:06.167682,0 days 00:00:06.067116,block_16,0.008153993234308977,constant,0.29203440881911497,1024,adamw,0.8465433673469388,,,PRUNED
351,0.8269132653061225,2026-04-22 00:15:06.315419,2026-04-22 00:15:12.351934,0 days 00:00:06.036515,block_16,0.005404814226363514,constant,0.22282534492224634,2048,adamw,0.8269132653061225,,,PRUNED
352,0.8251530612244898,2026-04-22 00:15:12.512660,2026-04-22 00:15:18.637035,0 days 00:00:06.124375,block_16,0.007837692626393524,constant,0.15220929096055164,3072,adamw,0.8251530612244898,,,PRUNED
353,0.9228698979591838,2026-04-22 00:15:18.782779,2026-04-22 00:15:47.986001,0 days 00:00:29.203222,block_16,0.005898068322399166,constant,0.2489759043970014,1024,adamw,0.8628698979591837,0.9051275510204081,0.9228698979591838,PRUNED
354,0.8218239795918366,2026-04-22 00:15:48.136398,2026-04-22 00:15:54.179408,0 days 00:00:06.043010,block_16,0.010111892522530695,constant,0.32443804625997696,1024,adamw,0.8218239795918366,,,PRUNED
355,0.8510076530612245,2026-04-22 00:15:54.334567,2026-04-22 00:16:00.471752,0 days 00:00:06.137185,block_16,0.005070596242678251,constant,0.38947387173726244,1024,adamw,0.8510076530612245,,,PRUNED
356,0.9226785714285713,2026-04-22 00:16:00.620811,2026-04-22 00:16:29.621528,0 days 00:00:29.000717,block_16,0.0052468480882771175,constant,0.2780369411413082,1024,adamw,0.9004336734693879,0.9226785714285713,,PRUNED
357,0.9184821428571428,2026-04-22 00:16:29.782415,2026-04-22 00:16:58.738526,0 days 00:00:28.956111,block_16,0.02426444427316041,constant,0.33355898764597386,2048,adamw,0.9184821428571428,,,PRUNED
358,0.8285204081632653,2026-04-22 00:16:58.874241,2026-04-22 00:17:04.937652,0 days 00:00:06.063411,block_16,0.0053256553532705,constant,0.3745876104526027,3072,adamw,0.8285204081632653,,,PRUNED
359,0.8531377551020408,2026-04-22 00:17:05.099351,2026-04-22 00:17:11.181449,0 days 00:00:06.082098,block_16,0.007734076510346017,constant,0.3076657213603128,1024,adamw,0.8531377551020408,,,PRUNED
360,0.8341709183673469,2026-04-22 00:17:11.330405,2026-04-22 00:17:17.278502,0 days 00:00:05.948097,block_16,0.0091797375099758,constant,0.23312844892037526,1024,adamw,0.8341709183673469,,,PRUNED
361,0.9225255102040816,2026-04-22 00:17:17.423420,2026-04-22 00:17:46.512094,0 days 00:00:29.088674,block_16,0.0067023015813794115,constant,0.29849097253243806,1024,adamw,0.9023724489795918,0.9225255102040816,,PRUNED
362,0.9017219387755101,2026-04-22 00:17:46.657960,2026-04-22 00:17:58.372696,0 days 00:00:11.714736,block_16,0.0057369224131844235,constant,0.23285790128130326,1024,adamw,0.8570280612244898,0.9017219387755101,,PRUNED
363,0.931734693877551,2026-04-22 00:17:58.512844,2026-04-22 00:19:12.180701,0 days 00:01:13.667857,block_16,0.006667166958907871,constant,0.30776637940038365,1024,adamw,0.9023979591836735,0.9231760204081633,,COMPLETE
364,0.8985841836734694,2026-04-22 00:19:12.339126,2026-04-22 00:19:24.144258,0 days 00:00:11.805132,block_16,0.007135430745219167,constant,0.3191544000576404,1024,adamw,0.8985841836734694,,,PRUNED
365,0.8526658163265305,2026-04-22 00:19:24.338267,2026-04-22 00:19:30.401556,0 days 00:00:06.063289,block_16,0.0050004544992847694,constant,0.2796565799162016,1024,adamw,0.8526658163265305,,,PRUNED
366,0.8984948979591837,2026-04-22 00:19:30.549756,2026-04-22 00:19:42.279355,0 days 00:00:11.729599,block_16,0.00521722061449989,constant,0.3286953605209856,1024,adamw,0.8539413265306123,0.8984948979591837,,PRUNED
367,0.8967602040816326,2026-04-22 00:19:42.434060,2026-04-22 00:19:54.336113,0 days 00:00:11.902053,block_16,0.008722568600594624,constant,0.2757483808321813,1024,adamw,0.8967602040816326,,,PRUNED
368,0.9225,2026-04-22 00:19:54.494805,2026-04-22 00:20:23.737707,0 days 00:00:29.242902,block_16,0.00576781903308225,constant,0.3128511488654355,4096,adamw,0.8621811224489795,0.9042729591836733,0.9225,PRUNED
369,0.8486096938775509,2026-04-22 00:20:23.878017,2026-04-22 00:20:29.935674,0 days 00:00:06.057657,block_16,0.008070134647741992,constant,0.2298782550341974,1024,adamw,0.8486096938775509,,,PRUNED
370,0.8224489795918368,2026-04-22 00:20:30.090845,2026-04-22 00:20:36.149585,0 days 00:00:06.058740,block_16,0.011991130178980257,constant,0.39500415350119533,1024,adamw,0.8224489795918368,,,PRUNED
371,0.9224744897959184,2026-04-22 00:20:36.278074,2026-04-22 00:21:05.270157,0 days 00:00:28.992083,block_16,0.007847211376647713,constant,0.28438111596195037,1024,adamw,0.9224744897959184,,,PRUNED
372,0.8930229591836734,2026-04-22 00:21:05.432205,2026-04-22 00:21:17.184996,0 days 00:00:11.752791,block_16,0.009545295828579136,constant,0.3440813012573574,1024,adamw,0.8930229591836734,,,PRUNED
373,0.852780612244898,2026-04-22 00:21:17.332755,2026-04-22 00:21:23.450925,0 days 00:00:06.118170,block_16,0.0068373019505332784,constant,0.26990553570671016,1024,adamw,0.852780612244898,,,PRUNED
374,0.9317602040816326,2026-04-22 00:21:23.592388,2026-04-22 00:22:37.106176,0 days 00:01:13.513788,block_16,0.006938441172113009,constant,0.3055685575466956,1024,adamw,0.9230229591836735,,,COMPLETE
375,0.8532780612244898,2026-04-22 00:22:37.244035,2026-04-22 00:22:43.192774,0 days 00:00:05.948739,block_16,0.005153055414100346,constant,0.32150551999434984,1024,adamw,0.8532780612244898,,,PRUNED
376,0.8899872448979592,2026-04-22 00:22:43.342606,2026-04-22 00:22:55.242095,0 days 00:00:11.899489,block_16,0.036236580975068114,constant,0.3126950491521238,4096,adamw,0.8899872448979592,,,PRUNED
377,0.9307780612244898,2026-04-22 00:22:55.384956,2026-04-22 00:24:09.227431,0 days 00:01:13.842475,block_16,0.0052398078982037796,constant,0.1533774165673592,1024,adamw,0.9017729591836735,0.9229336734693877,,COMPLETE
378,0.8533928571428571,2026-04-22 00:24:09.380904,2026-04-22 00:24:15.424853,0 days 00:00:06.043949,block_16,0.005007386285891508,constant,0.2407947887500994,1024,adamw,0.8533928571428571,,,PRUNED
379,0.9301785714285714,2026-04-22 00:24:15.565701,2026-04-22 00:25:28.912256,0 days 00:01:13.346555,block_16,0.007850308511105533,constant,0.3220815044295628,1024,adamw,0.9012372448979592,0.9233035714285714,,COMPLETE
380,0.8990816326530613,2026-04-22 00:25:29.070018,2026-04-22 00:25:40.826211,0 days 00:00:11.756193,block_16,0.007213969081212322,constant,0.32599495761625186,1024,adamw,0.8990816326530613,,,PRUNED
381,0.8977423469387755,2026-04-22 00:25:40.969906,2026-04-22 00:25:52.671133,0 days 00:00:11.701227,block_16,0.0072667390415297115,constant,0.35528274025337725,1024,adamw,0.8977423469387755,,,PRUNED
382,0.9227168367346937,2026-04-22 00:25:52.808860,2026-04-22 00:26:21.657318,0 days 00:00:28.848458,block_16,0.0053674381579118064,constant,0.3083125166102334,1024,adamw,0.9227168367346937,,,PRUNED
383,0.8406760204081632,2026-04-22 00:26:21.841258,2026-04-22 00:26:27.854851,0 days 00:00:06.013593,block_16,0.007178952405790892,constant,0.2943481397622706,2048,adamw,0.8406760204081632,,,PRUNED
384,0.7776658163265306,2026-04-22 00:26:27.994282,2026-04-22 00:26:33.959703,0 days 00:00:05.965421,block_16,0.043654848502173986,constant,0.3246687691696328,2048,adamw,0.7776658163265306,,,PRUNED
385,0.8530102040816325,2026-04-22 00:26:34.086899,2026-04-22 00:26:40.065636,0 days 00:00:05.978737,block_16,0.006728089152361074,constant,0.27359220813247886,1024,adamw,0.8530102040816325,,,PRUNED
386,0.9314158163265307,2026-04-22 00:26:40.225498,2026-04-22 00:27:53.835849,0 days 00:01:13.610351,block_16,0.005210772583621047,constant,0.29720990581334317,1024,adamw,0.9228826530612244,,,COMPLETE
387,0.8976275510204083,2026-04-22 00:27:53.979035,2026-04-22 00:28:05.774593,0 days 00:00:11.795558,block_16,0.007391816000422285,constant,0.36692249391547993,1024,adamw,0.8976275510204083,,,PRUNED
388,0.8990688775510204,2026-04-22 00:28:05.926788,2026-04-22 00:28:17.798859,0 days 00:00:11.872071,block_16,0.005076930073578928,constant,0.25070458249072686,1024,adamw,0.8542474489795919,0.8990688775510204,,PRUNED
389,0.8925127551020408,2026-04-22 00:28:17.937612,2026-04-22 00:28:29.810280,0 days 00:00:11.872668,block_16,0.008884655907465367,constant,0.37276228548882784,4096,adamw,0.8925127551020408,,,PRUNED
390,0.9212755102040816,2026-04-22 00:28:29.952526,2026-04-22 00:28:59.062768,0 days 00:00:29.110242,block_16,0.005720392619162491,constant,0.25001039348440257,3072,adamw,0.8702933673469389,0.9036989795918368,0.9212755102040816,PRUNED
391,0.9224107142857142,2026-04-22 00:28:59.216978,2026-04-22 00:29:28.216119,0 days 00:00:28.999141,block_16,0.005166216548639249,constant,0.37617347475792,1024,adamw,0.9224107142857142,,,PRUNED
392,0.8534821428571429,2026-04-22 00:29:28.364775,2026-04-22 00:29:34.354525,0 days 00:00:05.989750,block_16,0.007196035389859064,constant,0.2947535138673634,1024,adamw,0.8534821428571429,,,PRUNED
393,0.9200255102040816,2026-04-22 00:29:34.502867,2026-04-22 00:30:03.365812,0 days 00:00:28.862945,block_16,0.015707573349570642,constant,0.3613471982273385,2048,adamw,0.9200255102040816,,,PRUNED
394,0.8976020408163266,2026-04-22 00:30:03.510432,2026-04-22 00:30:15.274637,0 days 00:00:11.764205,block_16,0.008813701444464205,constant,0.31285526799622965,3072,adamw,0.8976020408163266,,,PRUNED
395,0.8510841836734695,2026-04-22 00:30:15.413971,2026-04-22 00:30:21.456065,0 days 00:00:06.042094,block_16,0.007229975643670697,constant,0.3182902639884361,1024,adamw,0.8510841836734695,,,PRUNED
396,0.818686224489796,2026-04-22 00:30:21.600145,2026-04-22 00:30:27.565099,0 days 00:00:05.964954,block_16,0.011249052434048062,constant,0.3200213812849341,1024,adamw,0.818686224489796,,,PRUNED
397,0.9315816326530613,2026-04-22 00:30:27.718159,2026-04-22 00:31:41.163163,0 days 00:01:13.445004,block_16,0.007561966616541177,constant,0.22198791358854764,1024,adamw,0.9021683673469387,0.924311224489796,,COMPLETE
398,0.9225382653061225,2026-04-22 00:31:41.304945,2026-04-22 00:32:10.158841,0 days 00:00:28.853896,block_16,0.0063660744268216685,constant,0.2813845470970193,1024,adamw,0.9225382653061225,,,PRUNED
399,0.9011224489795918,2026-04-22 00:32:10.362022,2026-04-22 00:32:22.114674,0 days 00:00:11.752652,block_16,0.005269815546492814,constant,0.2082038844439466,1024,adamw,0.8556887755102041,0.9011224489795918,,PRUNED
