number,value,datetime_start,datetime_complete,duration,params_gru_dropout,params_gru_num_layers,params_hidden_dim,params_lr,params_lr_scheduler,params_mlp_dropout,params_mlp_hidden_dim,params_optimizer_type,params_warmup_epochs,params_weight_decay,system_attrs_completed_rung_0,system_attrs_completed_rung_1,system_attrs_completed_rung_2,system_attrs_completed_rung_3,state
0,0.2143622448979592,2026-04-20 18:22:28.628020,2026-04-20 18:30:44.898111,0 days 00:08:16.270091,0.12740346640696568,4,2048,0.001570297088405539,constant,0.19091248360355031,512,adam,,0.0002481040974867811,,,,,COMPLETE
1,0.9357397959183673,2026-04-20 18:30:45.046004,2026-04-20 18:32:40.827717,0 days 00:01:55.781713,0.5693313223519999,1,1024,2.621087878265438e-05,cosine_warmup,0.5828160165372797,128,adam,4.0,1.4742753159914662e-05,0.6649489795918367,0.873125,0.9345280612244897,,COMPLETE
2,0.9411989795918367,2026-04-20 18:32:40.960414,2026-04-20 18:39:37.006679,0 days 00:06:56.046265,0.5636993649385135,4,2048,0.0003058656666978527,constant,0.5474136752138244,256,adamw,,1.3726318898045876e-06,0.7571301020408163,0.9182270408163264,0.9388265306122449,,COMPLETE
3,0.9492602040816326,2026-04-20 18:39:37.173251,2026-04-20 18:46:33.045415,0 days 00:06:55.872164,0.11922940892050343,4,2048,0.00014656553886225324,constant,0.1027610585618012,128,adam,,1.2172958098369984e-05,0.8546938775510203,0.9090561224489796,0.9319515306122449,0.9459821428571429,COMPLETE
4,0.6834948979591837,2026-04-20 18:46:33.167754,2026-04-20 18:46:45.522410,0 days 00:00:12.354656,0.07175654756298101,2,2048,2.2264204303769678e-05,constant,0.4566223936114975,512,adam,,0.0028340904295147754,0.6834948979591837,,,,PRUNED
5,0.5343877551020408,2026-04-20 18:46:45.750567,2026-04-20 18:46:57.253919,0 days 00:00:11.503352,0.046187945897275796,1,256,1.1919481947918725e-05,cosine,0.24487572645688402,256,adamw,,2.7012557725439094e-06,0.5343877551020408,,,,PRUNED
6,0.5423341836734694,2026-04-20 18:46:57.372115,2026-04-20 18:47:04.419048,0 days 00:00:07.046933,0.3064483815465394,1,2048,3.6283583803549155e-05,cosine_warmup,0.3087055015743895,1024,adamw,5.0,0.0037173717478250516,0.5423341836734694,,,,PRUNED
7,0.5382142857142858,2026-04-20 18:47:04.582489,2026-04-20 18:47:22.215784,0 days 00:00:17.633295,0.03088725074999361,3,2048,0.0012854549964879019,constant,0.23932323211830572,128,adam,,2.847858516856295e-05,0.5382142857142858,,,,PRUNED
8,0.8214285714285714,2026-04-20 18:47:22.478147,2026-04-20 18:47:34.708020,0 days 00:00:12.229873,0.11191110623991253,2,2048,0.001038500337992742,cosine,0.12038757077738196,256,adamw,,0.0011129571947046015,0.8214285714285714,,,,PRUNED
9,0.9075892857142858,2026-04-20 18:47:34.924783,2026-04-20 18:48:03.099408,0 days 00:00:28.174625,0.4903333201207295,3,512,3.3350264835699565e-05,cosine,0.3776004057997312,1024,adam,,0.0005804314717414074,0.7898086734693878,0.9075892857142858,,,PRUNED
10,0.6226530612244898,2026-04-20 18:48:03.230558,2026-04-20 18:48:14.682246,0 days 00:00:11.451688,0.12794976178782097,4,128,2.431920090395e-05,constant,0.10194117200861344,128,adamw,,6.020113346478398e-05,0.6226530612244898,,,,PRUNED
11,0.5293813775510203,2026-04-20 18:48:14.812026,2026-04-20 18:48:32.383429,0 days 00:00:17.571403,0.3306111153692314,3,2048,0.0006406060022888481,constant,0.4624139281048463,256,adamw,,2.515712296824065e-06,0.5293813775510203,,,,PRUNED
12,0.6925127551020408,2026-04-20 18:48:32.645648,2026-04-20 18:48:40.820715,0 days 00:00:08.175067,0.5155142895549062,4,1024,0.0001675232215476653,cosine_warmup,0.5843522351918646,256,adamw,10.0,2.270845346542235e-06,0.6925127551020408,,,,PRUNED
13,0.9472576530612246,2026-04-20 18:48:40.997436,2026-04-20 18:53:53.905012,0 days 00:05:12.907576,0.5616324920988971,3,2048,0.0001149068720626941,cosine,0.43837931098633764,256,adam,,2.210401365533296e-06,0.9222193877551019,0.9348979591836735,0.9479464285714286,,COMPLETE
14,0.9483801020408162,2026-04-20 18:53:54.030278,2026-04-20 19:00:45.939642,0 days 00:06:51.909364,0.2972723196013144,4,2048,2.550218329259324e-05,constant,0.14437634292833734,1024,adam,,4.2004268282059975e-06,0.9461607142857142,,,,COMPLETE
15,0.816326530612245,2026-04-20 19:00:46.055178,2026-04-20 19:01:03.827496,0 days 00:00:17.772318,0.14632497651814083,3,2048,4.259954937799749e-05,constant,0.15646834107506763,1024,adam,,3.987521915220892e-05,0.816326530612245,,,,PRUNED
16,0.7459056122448979,2026-04-20 19:01:04.096709,2026-04-20 19:01:27.432521,0 days 00:00:23.335812,0.36840797565795547,4,2048,0.00016831000777981495,cosine_warmup,0.12791190326389335,1024,adam,7.0,1.790049032056385e-06,0.7459056122448979,,,,PRUNED
17,0.6174107142857143,2026-04-20 19:01:27.765979,2026-04-20 19:01:33.775327,0 days 00:00:06.009348,0.5905395268489524,3,512,1.4871115678260952e-05,constant,0.1275714973667488,1024,adam,,1.3805746203173278e-06,0.6174107142857143,,,,PRUNED
18,0.9329336734693878,2026-04-20 19:01:33.896434,2026-04-20 19:03:17.567744,0 days 00:01:43.671310,0.312306441481345,4,2048,8.794051093610838e-05,constant,0.3918088921328233,1024,adam,,2.3778092773459876e-06,0.9158418367346939,0.9329336734693878,,,PRUNED
19,0.9471045918367347,2026-04-20 19:03:17.879209,2026-04-20 19:05:12.905618,0 days 00:01:55.026409,0.24104140321349743,3,512,0.00019794005122167514,constant,0.1083160144852352,512,adam,,2.570048010763399e-06,0.9241709183673469,0.9401913265306122,0.9504591836734694,,COMPLETE
20,0.9450255102040817,2026-04-20 19:05:13.024781,2026-04-20 19:08:49.517550,0 days 00:03:36.492769,0.37780519166112086,3,2048,1.0529434588434196e-05,constant,0.12488765148788977,128,adam,,3.294958349703097e-05,0.9450255102040817,,,,PRUNED
21,0.7194387755102041,2026-04-20 19:08:49.787179,2026-04-20 19:09:02.155509,0 days 00:00:12.368330,0.5794989111909573,2,2048,9.480616576135158e-05,cosine_warmup,0.38041757295355755,256,adam,3.0,1.1771655572454037e-05,0.7194387755102041,,,,PRUNED
22,0.9480867346938775,2026-04-20 19:09:02.377804,2026-04-20 19:14:25.613672,0 days 00:05:23.235868,0.5331203623532524,3,2048,0.0005232511192262925,cosine,0.3959612319251109,128,adam,,1.4556854327302654e-06,0.8942219387755103,0.9265688775510204,0.9396811224489796,0.9478698979591836,COMPLETE
23,0.6542474489795919,2026-04-20 19:14:25.758223,2026-04-20 19:15:00.261992,0 days 00:00:34.503769,0.5254034899379016,3,2048,0.0007112827945757778,constant,0.29413621450966354,128,adam,,5.46073602532989e-06,0.6542474489795919,,,,PRUNED
24,0.6296875,2026-04-20 19:15:00.579425,2026-04-20 19:15:25.025193,0 days 00:00:24.445768,0.0528056070255257,4,2048,5.874413809185449e-05,cosine_warmup,0.11011849229460781,128,adam,8.0,7.229448606842743e-05,0.6296875,,,,PRUNED
25,0.9233035714285714,2026-04-20 19:15:25.388543,2026-04-20 19:15:37.312431,0 days 00:00:11.923888,0.41299563684613255,3,256,0.0016164776215873862,cosine,0.3327822466433496,1024,adam,,2.664183384880346e-06,0.8892219387755101,0.9233035714285714,,,PRUNED
26,0.9136096938775511,2026-04-20 19:15:37.465584,2026-04-20 19:15:49.490937,0 days 00:00:12.025353,0.5034772573895394,3,512,0.0005876446077915685,cosine,0.4074299550643721,128,adamw,,6.926065845302585e-06,0.9136096938775511,,,,PRUNED
27,0.7278571428571429,2026-04-20 19:15:49.645965,2026-04-20 19:15:55.735539,0 days 00:00:06.089574,0.26187469564033217,4,256,7.036738007519878e-05,constant,0.12852042208890463,128,adam,,6.894200994733848e-06,0.7278571428571429,,,,PRUNED
28,0.9221811224489795,2026-04-20 19:15:55.871069,2026-04-20 19:16:30.309242,0 days 00:00:34.438173,0.39194694483569414,3,2048,0.0007076124472895735,cosine,0.4900773236794222,128,adam,,3.3961273786671617e-06,0.8876913265306122,0.9221811224489795,,,PRUNED
29,0.9030484693877551,2026-04-20 19:16:30.594702,2026-04-20 19:16:46.611978,0 days 00:00:16.017276,0.1997370049584905,4,1024,8.475750605684259e-05,constant,0.16930301361534658,1024,adamw,,1.7249613429972997e-06,0.9030484693877551,,,,PRUNED
30,0.688392857142857,2026-04-20 19:16:46.817950,2026-04-20 19:16:52.771094,0 days 00:00:05.953144,0.3276543129577415,4,128,5.5240765935713244e-05,cosine,0.2410272932192335,1024,adam,,4.3581188053342424e-05,0.688392857142857,,,,PRUNED
31,,2026-04-20 19:16:52.903139,2026-04-20 19:16:59.805466,0 days 00:00:06.902327,0.48741239383311763,3,2048,0.00011615954580514565,cosine,0.33671749838197407,256,adamw,,1.2119183652667132e-05,,,,,FAIL
32,0.938405612244898,2026-04-20 21:50:48.697310,2026-04-20 21:52:54.291968,0 days 00:02:05.594658,0.5104989856675544,3,1024,2.5953148816509368e-05,cosine,0.4820609082064244,256,adam,,7.023641246519924e-06,0.9167219387755102,0.9399234693877552,,,COMPLETE
33,0.9259566326530613,2026-04-20 21:52:54.418141,2026-04-20 21:53:30.069693,0 days 00:00:35.651552,0.5443692953878747,3,2048,0.00031920107970176724,cosine,0.5606169295939168,256,adam,,5.6481845212854496e-05,0.8848469387755101,0.9259566326530613,,,PRUNED
34,0.9125,2026-04-20 21:53:30.291195,2026-04-20 21:54:05.899797,0 days 00:00:35.608602,0.4843071799515244,3,2048,3.928516144320735e-05,cosine,0.3284984932317157,512,adam,,1.459201574269893e-06,0.8310076530612245,0.9125,,,PRUNED
35,0.557015306122449,2026-04-20 21:54:06.120977,2026-04-20 21:55:04.391038,0 days 00:00:58.270061,0.590889032072165,2,2048,0.0018783247780164748,cosine,0.3804156474272985,512,adam,,4.45344046279722e-06,0.557015306122449,,,,PRUNED
36,0.8133673469387754,2026-04-20 21:55:04.562638,2026-04-20 21:55:11.732316,0 days 00:00:07.169678,0.5867397059420122,3,1024,0.0004867039277754189,cosine_warmup,0.3568064413645545,128,adam,6.0,6.460373690254036e-06,0.8133673469387754,,,,PRUNED
37,0.9478826530612245,2026-04-20 21:55:11.866654,2026-04-20 21:59:07.643229,0 days 00:03:55.776575,0.5928991496200566,3,2048,0.0002784503720119899,cosine,0.370759674299575,128,adam,,2.2306241112996394e-06,0.926390306122449,0.9390051020408163,0.9478826530612245,,PRUNED
38,0.8227295918367348,2026-04-20 21:59:07.905322,2026-04-20 21:59:43.521240,0 days 00:00:35.615918,0.2879615267775832,3,2048,1.4049869655139465e-05,constant,0.16379787805148757,1024,adam,,1.3019881144056348e-06,0.8227295918367348,,,,PRUNED
39,0.9226530612244898,2026-04-20 21:59:43.747959,2026-04-20 22:00:18.588734,0 days 00:00:34.840775,0.46399831249462925,3,2048,7.640200515920834e-05,cosine,0.4605156881221353,256,adamw,,3.619176224408785e-06,0.8740816326530612,0.9226530612244898,,,PRUNED
40,0.8065561224489796,2026-04-20 22:00:18.825163,2026-04-20 22:00:42.249667,0 days 00:00:23.424504,0.09431207230750345,4,2048,0.0004754967026356739,cosine_warmup,0.1840385495166023,128,adamw,10.0,2.4921341022442573e-06,0.8065561224489796,,,,PRUNED
41,0.9127295918367347,2026-04-20 22:00:42.535518,2026-04-20 22:00:54.446383,0 days 00:00:11.910865,0.3975719743459687,2,128,0.0005877548529008222,cosine,0.32011034315935455,256,adam,,2.5398487956797214e-06,0.8335969387755102,0.9127295918367347,,,PRUNED
42,0.9501913265306122,2026-04-20 22:00:54.585490,2026-04-20 22:02:53.804264,0 days 00:01:59.218774,0.20514316417133163,3,512,0.000278529229284323,constant,0.16177307760765833,512,adam,,2.9200273382302755e-06,0.9274107142857143,0.9406632653061224,0.9526913265306123,,COMPLETE
43,0.8054081632653062,2026-04-20 22:02:53.944292,2026-04-20 22:03:02.651794,0 days 00:00:08.707502,0.20481549494296003,4,1024,0.0002486996680614756,constant,0.10481546657670529,128,adam,,0.0003426316790979508,0.8054081632653062,,,,PRUNED
44,0.7750255102040816,2026-04-20 22:03:02.792817,2026-04-20 22:03:09.023787,0 days 00:00:06.230970,0.012487032864353848,2,512,0.0012795191440312073,cosine_warmup,0.21826278007614588,512,adam,8.0,3.1572315315042596e-06,0.7750255102040816,,,,PRUNED
45,0.9099362244897959,2026-04-20 22:03:09.159411,2026-04-20 22:03:53.147585,0 days 00:00:43.988174,0.2258819291590397,4,2048,8.93158456098725e-05,cosine,0.10329943044037809,512,adam,,1.1029870232308283e-05,0.9099362244897959,,,,PRUNED
46,0.9494132653061225,2026-04-20 22:03:53.444131,2026-04-20 22:05:51.418992,0 days 00:01:57.974861,0.08791085640941954,3,256,0.0008869956409570143,constant,0.1011676293059512,1024,adam,,5.0310997241301215e-06,0.9355994897959183,0.9432780612244898,,,COMPLETE
47,0.8176020408163266,2026-04-20 22:05:51.558320,2026-04-20 22:05:57.803601,0 days 00:00:06.245281,0.17199736077454356,3,256,0.0002083320556614338,constant,0.11521757506625097,1024,adam,,8.345705964753263e-06,0.8176020408163266,,,,PRUNED
48,0.9035331632653061,2026-04-20 22:05:57.938583,2026-04-20 22:06:11.151026,0 days 00:00:13.212443,0.019301219426420393,3,1024,0.0008934773687697453,cosine,0.11496268804046027,1024,adam,,1.5331926609234337e-06,0.8373724489795918,0.9035331632653061,,,PRUNED
49,0.9330484693877551,2026-04-20 22:06:11.288411,2026-04-20 22:07:57.883888,0 days 00:01:46.595477,0.12311439594534977,4,2048,0.00014505582589102107,constant,0.1276409146464188,128,adam,,2.90096937497339e-06,0.9330484693877551,,,,PRUNED
50,0.7710841836734695,2026-04-20 22:07:58.170852,2026-04-20 22:08:04.402447,0 days 00:00:06.231595,0.09962419745660284,3,256,0.0029603938538491615,cosine_warmup,0.11182069420227853,128,adam,3.0,4.457361009751327e-06,0.7710841836734695,,,,PRUNED
51,0.9420025510204082,2026-04-20 22:08:04.539921,2026-04-20 22:09:26.007860,0 days 00:01:21.467939,0.04995347390284674,2,128,0.0053545142467862974,constant,0.21235638999353587,1024,adam,,9.406988455032795e-05,0.9386224489795918,0.9420025510204082,,,PRUNED
52,0.9491964285714285,2026-04-20 22:09:26.129059,2026-04-20 22:10:48.167850,0 days 00:01:22.038791,0.21216417210390706,3,512,0.0014213382770309907,constant,0.23058965977573564,512,adamw,,2.6011771542463418e-05,0.9194387755102041,0.9397193877551021,0.9491964285714285,,PRUNED
53,0.5172959183673469,2026-04-20 22:10:48.288263,2026-04-20 22:10:54.474600,0 days 00:00:06.186337,0.15187757148290337,3,128,0.00012171247033653391,cosine_warmup,0.1788091391491492,512,adam,6.0,5.650462878517168e-06,0.5172959183673469,,,,PRUNED
54,0.46354591836734693,2026-04-20 22:10:54.589833,2026-04-20 22:11:00.679157,0 days 00:00:06.089324,0.13191870353494,4,256,0.006204004293622553,constant,0.18768048967255022,1024,adamw,,3.618868268137205e-06,0.46354591836734693,,,,PRUNED
55,0.5162117346938776,2026-04-20 22:11:00.794145,2026-04-20 22:11:06.942532,0 days 00:00:06.148387,0.11138318119145113,2,256,0.008004544006548663,constant,0.14215658345258156,1024,adam,,1.0972564104799766e-06,0.5162117346938776,,,,PRUNED
56,0.8915688775510203,2026-04-20 22:11:07.062098,2026-04-20 22:11:51.514326,0 days 00:00:44.452228,0.24841039954289104,4,2048,0.0002309866202749355,constant,0.21396936546440898,256,adam,,9.54534928276806e-05,0.8915688775510203,,,,PRUNED
57,0.8085714285714286,2026-04-20 22:11:51.814516,2026-04-20 22:12:37.503913,0 days 00:00:45.689397,0.21322092770959628,4,2048,1.1925851941187813e-05,constant,0.3204119968987309,1024,adamw,,1.0777090321141449e-05,0.8085714285714286,,,,PRUNED
58,0.5521683673469387,2026-04-20 22:12:37.791160,2026-04-20 22:12:43.929528,0 days 00:00:06.138368,0.4095077050839397,3,128,3.643697870432752e-05,cosine,0.47325443487031027,128,adam,,1.3096908584783341e-06,0.5521683673469387,,,,PRUNED
59,0.9343877551020408,2026-04-20 22:12:44.056138,2026-04-20 22:14:07.574797,0 days 00:01:23.518659,0.5878813237018928,3,2048,9.407983137774308e-05,constant,0.448869531269667,256,adam,,1.944913680668221e-06,0.9216964285714286,0.9343877551020408,,,PRUNED
60,0.9392857142857143,2026-04-20 22:14:07.810982,2026-04-20 22:15:29.969194,0 days 00:01:22.158212,0.20493278713944857,4,128,0.004555499029154079,constant,0.12944987418035428,512,adam,,7.033339978778312e-06,0.9393494897959184,0.9392857142857143,,,PRUNED
61,0.9187372448979592,2026-04-20 22:15:30.085924,2026-04-20 22:15:42.275718,0 days 00:00:12.189794,0.13563861151700787,4,512,0.0003356492082728675,constant,0.3367270190575855,512,adam,,4.3171998615347626e-06,0.9187372448979592,,,,PRUNED
62,0.9033928571428572,2026-04-20 22:15:42.404453,2026-04-20 22:15:54.337470,0 days 00:00:11.933017,0.26756784170249165,3,512,9.40658356689365e-05,constant,0.10901529537774869,512,adam,,7.776205667386155e-06,0.9033928571428572,,,,PRUNED
63,0.9166709183673469,2026-04-20 22:15:54.464605,2026-04-20 22:16:06.406082,0 days 00:00:11.941477,0.028699163562676717,2,512,0.0004586846187328246,constant,0.14391027041817545,1024,adamw,,2.629463049502317e-06,0.9166709183673469,,,,PRUNED
64,0.9115178571428572,2026-04-20 22:16:06.535964,2026-04-20 22:16:22.097208,0 days 00:00:15.561244,0.03361102879001053,4,1024,0.0007226519000982711,constant,0.11290044289868818,256,adam,,3.52232852024873e-06,0.9115178571428572,,,,PRUNED
65,0.8432142857142858,2026-04-20 22:16:22.233578,2026-04-20 22:16:34.353611,0 days 00:00:12.120033,0.5957412213267999,2,256,0.00010673740243543362,cosine,0.44525657040410366,256,adam,,1.9256664530292974e-06,0.8432142857142858,,,,PRUNED
66,0.7985905612244898,2026-04-20 22:16:34.476026,2026-04-20 22:16:46.776325,0 days 00:00:12.300299,0.56262417262622,2,2048,2.3065416670457865e-05,cosine,0.4682254850374523,1024,adam,,1.6165504665641076e-05,0.7985905612244898,,,,PRUNED
67,0.9096556122448979,2026-04-20 22:16:46.968268,2026-04-20 22:16:59.038315,0 days 00:00:12.070047,0.04479534198282338,3,256,0.00028571611543389594,constant,0.10544119496678916,128,adamw,,2.1287527239341024e-05,0.8275765306122449,0.9096556122448979,,,PRUNED
68,0.9275255102040817,2026-04-20 22:16:59.158907,2026-04-20 22:17:28.810126,0 days 00:00:29.651219,0.15400233849501258,4,512,6.267810881614308e-05,cosine,0.15503979039156562,128,adam,,6.113840430552433e-06,0.9275255102040817,,,,PRUNED
69,0.9480229591836734,2026-04-20 22:17:28.927305,2026-04-20 22:22:45.001092,0 days 00:05:16.073787,0.5152886752607236,3,2048,7.605778284707748e-05,cosine,0.4822505649575375,256,adam,,1.6110963266513577e-06,0.9504719387755103,,,,COMPLETE
70,0.9405229591836735,2026-04-20 22:22:45.118302,2026-04-20 22:26:23.892873,0 days 00:03:38.774571,0.4885799641655808,3,2048,1.3878106424142283e-05,cosine,0.5111644687777379,256,adam,,1.5699748001678085e-06,0.9405229591836735,,,,PRUNED
71,0.7774872448979592,2026-04-20 22:26:24.138950,2026-04-20 22:27:07.469496,0 days 00:00:43.330546,0.5513738522643721,4,2048,0.0002774182041901204,cosine,0.4380563394279751,256,adam,,2.813891833991667e-06,0.8511926020408164,0.7774872448979592,,,PRUNED
72,0.8123852040816326,2026-04-20 22:27:07.749813,2026-04-20 22:27:14.065956,0 days 00:00:06.316143,0.2589036959297726,4,512,0.00012033834719506682,constant,0.1339504591634448,512,adamw,,1.134589562395319e-06,0.8123852040816326,,,,PRUNED
73,0.9101913265306123,2026-04-20 22:27:14.187675,2026-04-20 22:27:26.052122,0 days 00:00:11.864447,0.008216156579577194,4,256,0.0011124287839424391,constant,0.14623185331247773,1024,adam,,3.0013468546816014e-06,0.8748341836734694,0.9101913265306123,,,PRUNED
74,0.9210841836734694,2026-04-20 22:27:26.176839,2026-04-20 22:27:59.366635,0 days 00:00:33.189796,0.04757600117775701,3,2048,0.00017372420333337934,constant,0.20208896598636444,512,adam,,1.0714100479505636e-05,0.8944260204081634,0.9210841836734694,,,PRUNED
75,0.920140306122449,2026-04-20 22:27:59.597793,2026-04-20 22:28:11.677406,0 days 00:00:12.079613,0.1551230605608812,2,512,0.00048758259060324163,constant,0.18035395954839684,128,adam,,2.824093392504139e-06,0.8986479591836735,0.920140306122449,,,PRUNED
76,0.9209183673469388,2026-04-20 22:28:11.802871,2026-04-20 22:28:23.745383,0 days 00:00:11.942512,0.32315244656493197,2,512,0.0005863815774531691,constant,0.12659036910093502,256,adam,,5.920153057752795e-06,0.8843622448979591,0.9209183673469388,,,PRUNED
77,0.904375,2026-04-20 22:28:23.867736,2026-04-20 22:28:35.954520,0 days 00:00:12.086784,0.2560886155698244,4,512,0.000997696925727665,constant,0.14123312136474825,512,adam,,1.3401775099857278e-06,0.904375,,,,PRUNED
78,0.7647066326530612,2026-04-20 22:28:36.076461,2026-04-20 22:28:42.136772,0 days 00:00:06.060311,0.2851626419468391,4,128,0.00010892511955555596,constant,0.16682208048240096,1024,adam,,4.318172543374759e-06,0.7647066326530612,,,,PRUNED
79,0.3977678571428571,2026-04-20 22:28:42.258781,2026-04-20 22:29:05.220420,0 days 00:00:22.961639,0.2221562967552958,4,2048,0.00023613140088321648,constant,0.1466626338475568,128,adamw,,2.368137161821989e-05,0.3977678571428571,,,,PRUNED
80,0.6466262755102041,2026-04-20 22:29:05.492131,2026-04-20 22:29:21.206923,0 days 00:00:15.714792,0.17980805623255453,4,1024,1.3053026701195092e-05,cosine_warmup,0.18525070134680446,1024,adam,9.0,1.71917199598324e-05,0.6466262755102041,,,,PRUNED
81,0.9346173469387755,2026-04-20 22:29:21.351643,2026-04-20 22:31:05.581811,0 days 00:01:44.230168,0.2803157424152885,4,2048,0.00013328137801555713,constant,0.1634342945997411,1024,adam,,1.6422409821347685e-05,0.9180612244897959,0.9346173469387755,,,PRUNED
82,0.7708545918367347,2026-04-20 22:31:05.853513,2026-04-20 22:31:28.865993,0 days 00:00:23.012480,0.5964235234929742,4,2048,0.000279182205173098,constant,0.5744452463509296,256,adamw,,5.0687635758607446e-05,0.7708545918367347,,,,PRUNED
83,0.9493239795918369,2026-04-20 22:31:29.138881,2026-04-20 22:35:06.791006,0 days 00:03:37.652125,0.47187410895897525,3,2048,0.0002956792763047188,constant,0.5499510475700697,256,adamw,,1.4915985593189882e-06,0.9493239795918369,,,,PRUNED
84,0.7166836734693878,2026-04-20 22:35:07.030133,2026-04-20 22:35:40.291990,0 days 00:00:33.261857,0.376516159242462,3,2048,1.1858708905061744e-05,cosine_warmup,0.10463759629388995,1024,adam,6.0,3.921284290148413e-05,0.7166836734693878,,,,PRUNED
85,0.9100127551020408,2026-04-20 22:35:40.525474,2026-04-20 22:35:52.467069,0 days 00:00:11.941595,0.501059716139825,4,512,0.0001316793249693985,constant,0.515934072831927,256,adamw,,4.298997706875984e-06,0.8398724489795918,0.9100127551020408,,,PRUNED
86,0.8471683673469388,2026-04-20 22:35:52.591696,2026-04-20 22:36:21.852235,0 days 00:00:29.260539,0.21299735063020764,2,512,1.865602988886221e-05,constant,0.2976934751884023,512,adam,,1.3397842633599096e-06,0.8471683673469388,,,,PRUNED
87,0.45973852040816326,2026-04-20 22:36:21.975360,2026-04-20 22:36:30.174195,0 days 00:00:08.198835,0.5076093363913572,4,1024,0.004443501574538886,constant,0.4145077288825718,256,adamw,,1.3621474017563334e-05,0.45973852040816326,,,,PRUNED
88,0.9348086734693878,2026-04-20 22:36:30.331798,2026-04-20 22:37:25.756755,0 days 00:00:55.424957,0.4780815942593216,2,2048,0.00043908530614247544,cosine,0.49176345463143856,256,adam,,1.6692336009775927e-06,0.9352040816326531,0.9348086734693878,,,PRUNED
89,0.9326275510204082,2026-04-20 22:37:25.945725,2026-04-20 22:39:57.464696,0 days 00:02:31.518971,0.5494327826083851,2,2048,0.0012036427402928442,cosine_warmup,0.39888090491287215,128,adamw,4.0,1.2575660840645194e-06,0.9326275510204082,,,,PRUNED
90,0.92375,2026-04-20 22:39:57.660099,2026-04-20 22:41:41.640934,0 days 00:01:43.980835,0.4249826451416463,4,2048,1.7805132966208847e-05,constant,0.1807587092585904,512,adam,,3.8048992126174573e-06,0.92375,,,,PRUNED
91,0.9135586734693877,2026-04-20 22:41:41.912078,2026-04-20 22:42:04.945049,0 days 00:00:23.032971,0.02898600159631995,2,2048,0.001198913647858661,constant,0.11216571815641802,1024,adam,,2.4201529668888632e-06,0.8340816326530613,0.9135586734693877,,,PRUNED
92,0.790076530612245,2026-04-20 22:42:05.122244,2026-04-20 22:42:12.054358,0 days 00:00:06.932114,0.5363629608775968,3,1024,3.532373678454693e-05,cosine,0.5260515947817112,256,adam,,8.7006309994726e-06,0.790076530612245,,,,PRUNED
93,0.9089285714285714,2026-04-20 22:42:12.182079,2026-04-20 22:42:55.141681,0 days 00:00:42.959602,0.5220209337125871,4,2048,6.473234517057556e-05,constant,0.5130467377627461,128,adamw,,1.5049078828533027e-06,0.9089285714285714,,,,PRUNED
94,0.9312882653061224,2026-04-20 22:42:55.424568,2026-04-20 22:44:38.912704,0 days 00:01:43.488136,0.33743145872995395,4,2048,6.289824211743494e-05,constant,0.10365642273391504,1024,adamw,,2.322342995612294e-06,0.9312882653061224,,,,PRUNED
95,0.9125765306122449,2026-04-20 22:44:39.186093,2026-04-20 22:44:51.247427,0 days 00:00:12.061334,0.5647266959682443,3,128,0.0027690591271009013,cosine,0.2769588732170607,128,adam,,3.353158161391895e-06,0.8980102040816327,0.9125765306122449,,,PRUNED
96,0.7907653061224491,2026-04-20 22:44:51.381571,2026-04-20 22:45:06.943135,0 days 00:00:15.561564,0.44441900667512996,4,1024,1.1292649774140773e-05,cosine,0.3912461277317661,256,adamw,,2.634154394575708e-06,0.7907653061224491,,,,PRUNED
97,0.8255102040816327,2026-04-20 22:45:07.081143,2026-04-20 22:45:30.102987,0 days 00:00:23.021844,0.5717968569397798,4,2048,0.00025677624609616554,constant,0.5877406573314959,1024,adamw,,1.345657663686416e-06,0.8255102040816327,,,,PRUNED
98,0.9085076530612245,2026-04-20 22:45:30.372639,2026-04-20 22:45:42.493991,0 days 00:00:12.121352,0.527808399905385,4,256,0.00027189615936477044,constant,0.545809242792718,256,adamw,,1.2357276865913628e-06,0.9085076530612245,,,,PRUNED
99,0.9338903061224489,2026-04-20 22:45:42.608292,2026-04-20 22:47:25.825909,0 days 00:01:43.217617,0.5748069966616329,4,2048,6.815430549399466e-05,constant,0.32770870745040026,256,adamw,,4.58468137539536e-06,0.9207142857142857,0.9338903061224489,,,PRUNED
100,0.9160204081632654,2026-04-20 22:47:26.095349,2026-04-20 22:47:37.953861,0 days 00:00:11.858512,0.17025432764510925,3,256,0.0009220441333704709,cosine,0.15538481061749918,512,adam,,7.0538086837635955e-06,0.8723979591836736,0.9160204081632654,,,PRUNED
101,0.8980357142857144,2026-04-20 22:47:38.076002,2026-04-20 22:48:08.232985,0 days 00:00:30.156983,0.4777494859906004,2,1024,2.8396920762397944e-05,cosine_warmup,0.598540615867205,256,adam,8.0,6.623707128069091e-06,0.8980357142857144,,,,PRUNED
102,0.5523788265306122,2026-04-20 22:48:08.360434,2026-04-20 22:48:20.382342,0 days 00:00:12.021908,0.531148767967178,1,1024,1.3836062353249055e-05,cosine_warmup,0.5505547199836156,128,adamw,4.0,0.00017976259174987854,0.5523788265306122,,,,PRUNED
103,0.8025255102040816,2026-04-20 22:48:20.504982,2026-04-20 22:48:43.675979,0 days 00:00:23.170997,0.2576050836517834,4,2048,2.0885682143095398e-05,cosine,0.14438745959026028,1024,adam,,3.4625018629969384e-06,0.8025255102040816,,,,PRUNED
104,0.5817219387755102,2026-04-20 22:48:43.944003,2026-04-20 22:48:50.281704,0 days 00:00:06.337701,0.484407407244978,1,1024,9.701265777151923e-05,cosine_warmup,0.44145681760718736,128,adam,3.0,3.853052384695887e-05,0.5817219387755102,,,,PRUNED
105,0.9184183673469388,2026-04-20 22:48:50.416744,2026-04-20 22:49:19.761073,0 days 00:00:29.344329,0.5804750786933071,1,1024,7.770543576127943e-05,cosine_warmup,0.5597229854949871,128,adam,5.0,3.6839578375837125e-06,0.9184183673469388,,,,PRUNED
106,0.7446683673469388,2026-04-20 22:49:19.897181,2026-04-20 22:49:26.915971,0 days 00:00:07.018790,0.3851134705281047,3,1024,1.2994089331062028e-05,cosine,0.46529723783585963,1024,adam,,1.9505068189915767e-06,0.7446683673469388,,,,PRUNED
107,0.9107270408163265,2026-04-20 22:49:27.060636,2026-04-20 22:50:10.591531,0 days 00:00:43.530895,0.5866185673117023,4,2048,7.360907660990227e-05,cosine,0.4963252660417256,1024,adam,,1.2865554215663991e-06,0.9107270408163265,,,,PRUNED
108,0.817857142857143,2026-04-20 22:50:10.871479,2026-04-20 22:50:23.077214,0 days 00:00:12.205735,0.5067731675716487,3,512,3.5980429686124475e-05,cosine,0.37380991785068907,256,adam,,3.4739850026779907e-06,0.817857142857143,,,,PRUNED
109,0.8281505102040816,2026-04-20 22:50:23.200395,2026-04-20 22:50:52.178839,0 days 00:00:28.978444,0.5703928847356908,1,128,6.399028004969782e-05,cosine_warmup,0.4701819646864063,512,adam,5.0,2.3073526276981877e-05,0.8281505102040816,,,,PRUNED
110,0.9364413265306123,2026-04-20 22:50:52.301357,2026-04-20 22:51:21.468876,0 days 00:00:29.167519,0.10958412754815759,2,512,0.0005786744210212416,constant,0.2741788739178706,512,adam,,1.8138551017276693e-05,0.8953698979591836,0.9237117346938776,0.9364413265306123,,PRUNED
111,0.5152742346938775,2026-04-20 22:51:21.596160,2026-04-20 22:51:59.258212,0 days 00:00:37.662052,0.49987697179709417,4,1024,0.0019657206496330164,cosine,0.4175977721688819,128,adam,,2.2995285802407213e-06,0.5152742346938775,,,,PRUNED
112,0.5959119897959184,2026-04-20 22:51:59.404801,2026-04-20 22:52:05.542900,0 days 00:00:06.138099,0.08797623041760735,4,256,0.005187200578002165,constant,0.11360384625161754,512,adam,,0.0007530767070166535,0.5959119897959184,,,,PRUNED
113,0.5,2026-04-20 22:52:05.672286,2026-04-20 22:52:28.865434,0 days 00:00:23.193148,0.08535002872417581,4,2048,0.004474023692544375,cosine_warmup,0.1695484214318192,1024,adam,3.0,1.8507875647432114e-05,0.5,,,,PRUNED
114,0.9135969387755103,2026-04-20 22:52:29.164609,2026-04-20 22:53:12.486468,0 days 00:00:43.321859,0.21309761740363437,4,2048,0.00028450247094375004,constant,0.1368272600607104,512,adam,,0.0002040080375254405,0.8805867346938775,0.9135969387755103,,,PRUNED
115,0.5110140306122449,2026-04-20 22:53:12.758577,2026-04-20 22:54:56.576804,0 days 00:01:43.818227,0.20288344631972655,4,2048,0.004077969243953427,constant,0.24117500630042285,512,adam,,0.0012742036724857435,0.5110140306122449,,,,PRUNED
116,0.5547576530612245,2026-04-20 22:54:56.846635,2026-04-20 22:55:19.996319,0 days 00:00:23.149684,0.08261639109539443,4,2048,0.000930238141987784,constant,0.2910100590412061,512,adam,,0.00011846511295260252,0.5547576530612245,,,,PRUNED
117,0.8128571428571428,2026-04-20 22:55:20.269451,2026-04-20 22:55:32.409234,0 days 00:00:12.139783,0.1498255823549402,3,512,0.000132539261281119,cosine_warmup,0.1311918074102911,256,adam,6.0,1.3811261840241766e-06,0.8128571428571428,,,,PRUNED
118,0.8180739795918368,2026-04-20 22:55:32.543848,2026-04-20 22:56:16.048919,0 days 00:00:43.505071,0.4208507210053568,4,2048,1.6218496423540607e-05,constant,0.11960284705336571,1024,adam,,4.5980508886146327e-05,0.8180739795918368,,,,PRUNED
119,0.47066964285714286,2026-04-20 22:56:16.318528,2026-04-20 22:58:00.195400,0 days 00:01:43.876872,0.07721999236079055,4,2048,0.0018642040597159116,cosine_warmup,0.10359980202624208,512,adam,4.0,0.0007716788048637431,0.47066964285714286,,,,PRUNED
120,0.5773341836734693,2026-04-20 22:58:00.475043,2026-04-20 22:58:12.097029,0 days 00:00:11.621986,0.47432847298181974,1,256,0.00010223867190513101,cosine_warmup,0.5744506370246535,128,adam,7.0,0.00029337961492213667,0.5773341836734693,,,,PRUNED
121,0.9328826530612244,2026-04-20 22:58:12.234965,2026-04-20 22:58:41.362413,0 days 00:00:29.127448,0.32250629517918034,3,256,0.0004520083738019425,constant,0.2296216892838995,512,adam,,1.0316321535628772e-06,0.9169005102040817,0.9328826530612244,,,PRUNED
122,0.5178188775510204,2026-04-20 22:58:41.499234,2026-04-20 22:58:59.018305,0 days 00:00:17.519071,0.4500845840672981,3,2048,0.007216667387070139,constant,0.5697394814391389,256,adamw,,1.2038691239563745e-06,0.5178188775510204,,,,PRUNED
123,0.9439030612244897,2026-04-20 22:58:59.251021,2026-04-20 23:01:30.977669,0 days 00:02:31.726648,0.5180519582953785,2,2048,9.511322534185268e-05,constant,0.5056567137523353,256,adamw,,5.210064966886982e-06,0.9439030612244897,,,,PRUNED
124,0.9084311224489796,2026-04-20 23:01:31.161238,2026-04-20 23:02:14.502500,0 days 00:00:43.341262,0.10684581338734848,4,2048,0.00011162643704020965,constant,0.14797584563472882,128,adam,,3.939817459875382e-05,0.8538775510204082,0.9084311224489796,,,PRUNED
125,0.8125701530612245,2026-04-20 23:02:14.787432,2026-04-20 23:02:20.937609,0 days 00:00:06.150177,0.1023371215348535,3,512,8.460730397627555e-05,cosine,0.1624657914543041,512,adam,,1.0827030204879697e-06,0.8125701530612245,,,,PRUNED
126,0.5857334183673469,2026-04-20 23:02:21.073161,2026-04-20 23:02:27.170241,0 days 00:00:06.097080,0.4572087255941743,1,1024,1.591454789276544e-05,cosine,0.5232964182860559,128,adam,,7.2799233116522585e-06,0.5857334183673469,,,,PRUNED
127,0.5641454081632653,2026-04-20 23:02:27.307852,2026-04-20 23:02:33.377948,0 days 00:00:06.070096,0.46258629105520244,1,512,2.956895935509545e-05,cosine_warmup,0.5934847562271666,128,adam,5.0,1.1833942467498578e-05,0.5641454081632653,,,,PRUNED
128,0.6307015306122449,2026-04-20 23:02:33.507917,2026-04-20 23:02:45.409340,0 days 00:00:11.901423,0.526675064123697,1,1024,1.2102875533125338e-05,cosine_warmup,0.5912986761743518,1024,adam,3.0,2.6635367691516928e-05,0.6307015306122449,,,,PRUNED
129,0.885625,2026-04-20 23:02:45.531629,2026-04-20 23:02:57.399068,0 days 00:00:11.867439,0.0930078917225584,2,256,0.0006156791485392378,cosine_warmup,0.10059193589016593,1024,adam,7.0,3.061007729090539e-06,0.885625,,,,PRUNED
130,0.9181760204081633,2026-04-20 23:02:57.521504,2026-04-20 23:03:40.579321,0 days 00:00:43.057817,0.541751685833099,4,2048,0.00037565231178164377,constant,0.5122775718364113,256,adamw,,2.76855006968377e-06,0.868329081632653,0.9181760204081633,,,PRUNED
131,0.5111288265306122,2026-04-20 23:03:40.857220,2026-04-20 23:05:00.176811,0 days 00:01:19.319591,0.5612935648430769,3,2048,0.0020837829233286945,cosine,0.4073498910948008,128,adam,,1.5825941341011817e-06,0.5111288265306122,,,,PRUNED
132,0.5011415816326531,2026-04-20 23:05:00.407049,2026-04-20 23:05:06.596339,0 days 00:00:06.189290,0.5938749863047318,1,1024,2.112774943088847e-05,cosine_warmup,0.5812588363111063,128,adam,5.0,0.0004889261846103655,0.5011415816326531,,,,PRUNED
133,0.7141964285714285,2026-04-20 23:05:06.722512,2026-04-20 23:05:12.914797,0 days 00:00:06.192285,0.23341486295556046,3,512,0.0016043679831968193,constant,0.211724241422238,512,adamw,,4.0627508115435265e-06,0.7141964285714285,,,,PRUNED
134,0.9393622448979592,2026-04-20 23:05:13.029378,2026-04-20 23:06:34.208367,0 days 00:01:21.178989,0.16989961494160705,3,256,0.0009119394946270201,constant,0.12730254740742733,256,adam,,7.446579384848601e-06,0.9393622448979592,,,,PRUNED
135,0.4993622448979592,2026-04-20 23:06:34.339680,2026-04-20 23:06:46.266043,0 days 00:00:11.926363,0.16328524478387596,4,512,0.004220998101469525,constant,0.34234313296682645,512,adamw,,0.00016504138205387483,0.4993622448979592,,,,PRUNED
136,0.9461989795918367,2026-04-20 23:06:46.405555,2026-04-20 23:08:43.987524,0 days 00:01:57.581969,0.14343942556081346,3,512,0.0003342729042253932,constant,0.1704298644383052,512,adamw,,0.0001291308719715349,0.8892474489795918,0.9263137755102041,0.9401913265306122,0.9518622448979592,COMPLETE
137,0.9338775510204081,2026-04-20 23:08:44.130560,2026-04-20 23:09:13.445427,0 days 00:00:29.314867,0.07846851830512805,2,128,0.0005506114802494203,constant,0.17808609377261148,512,adamw,,6.684478714607773e-05,0.914311224489796,0.9338775510204081,,,PRUNED
138,0.9182397959183674,2026-04-20 23:09:13.568588,2026-04-20 23:09:46.377273,0 days 00:00:32.808685,0.5820127036253273,3,2048,0.0003800692413944606,cosine,0.5800364875444801,128,adamw,,4.689177044185746e-06,0.9027295918367346,0.9182397959183674,,,PRUNED
139,0.46883928571428574,2026-04-20 23:09:46.599753,2026-04-20 23:10:09.639653,0 days 00:00:23.039900,0.01723330931237875,4,2048,0.0018760023833104434,constant,0.23603320148626333,256,adam,,0.0014342912775738308,0.46883928571428574,,,,PRUNED
140,0.6845089285714285,2026-04-20 23:10:09.928354,2026-04-20 23:10:16.794400,0 days 00:00:06.866046,0.46607277477093,3,1024,1.2008046121041808e-05,constant,0.41780720416971484,256,adam,,4.6275709202364485e-05,0.6845089285714285,,,,PRUNED
141,0.9497704081632653,2026-04-20 23:10:16.934906,2026-04-20 23:11:37.600562,0 days 00:01:20.665656,0.2076849030801351,3,512,0.00012344408383287622,constant,0.2335861710339645,512,adamw,,4.471865385560653e-05,0.9167729591836735,0.9385969387755102,0.9497704081632653,,PRUNED
142,0.9062500000000001,2026-04-20 23:11:37.729078,2026-04-20 23:11:50.929022,0 days 00:00:13.199944,0.5538846543791182,3,1024,0.0008343947247813113,cosine,0.3196633851452364,256,adam,,2.87637525080681e-06,0.9062500000000001,,,,PRUNED
143,0.8182780612244898,2026-04-20 23:11:51.055938,2026-04-20 23:11:57.389820,0 days 00:00:06.333882,0.27175438000054014,3,512,9.430086698872375e-05,constant,0.2104178175232515,512,adamw,,5.539853593766348e-05,0.8182780612244898,,,,PRUNED
144,0.9351785714285714,2026-04-20 23:11:57.518535,2026-04-20 23:13:16.789844,0 days 00:01:19.271309,0.580282465822371,3,2048,0.0001331823899783379,cosine,0.33802954680622893,256,adam,,1.418703189913822e-05,0.922640306122449,0.9351785714285714,,,PRUNED
145,0.9399744897959185,2026-04-20 23:13:17.022498,2026-04-20 23:13:46.178162,0 days 00:00:29.155664,0.1550952941923984,3,512,0.00022771028545484875,constant,0.16908401796742495,512,adam,,2.1003095796527377e-06,0.8725765306122448,0.923954081632653,0.9399744897959185,,PRUNED
146,0.9336224489795919,2026-04-20 23:13:46.301965,2026-04-20 23:15:05.767145,0 days 00:01:19.465180,0.41987195758731954,3,2048,9.789064875315528e-05,cosine,0.4958804390918878,256,adam,,1.2550774255092546e-06,0.8835076530612246,0.9244260204081632,0.9336224489795919,,PRUNED
147,0.757780612244898,2026-04-20 23:15:05.990639,2026-04-20 23:15:48.942364,0 days 00:00:42.951725,0.47429622190383725,4,2048,0.0011626678268082068,cosine_warmup,0.44804477607616544,256,adamw,5.0,1.110207980959526e-06,0.757780612244898,,,,PRUNED
148,0.9480612244897959,2026-04-20 23:15:49.213351,2026-04-20 23:17:46.602506,0 days 00:01:57.389155,0.19742194295047186,3,512,0.00022098626634907734,constant,0.1882242912211696,512,adamw,,0.0013827691758583319,0.9201785714285714,0.9395280612244897,0.9509948979591836,,COMPLETE
149,0.7979209183673469,2026-04-20 23:17:46.717924,2026-04-20 23:17:58.784536,0 days 00:00:12.066612,0.15001398494888096,3,512,2.7258356678767904e-05,constant,0.24943438490712352,512,adamw,,0.007497281050765045,0.7979209183673469,,,,PRUNED
150,0.9485331632653061,2026-04-20 23:17:58.924445,2026-04-20 23:19:56.843828,0 days 00:01:57.919383,0.23209181920096755,3,512,0.0004169380806113976,constant,0.18258557197220193,512,adamw,,0.00439308675495788,0.9280357142857143,0.9398214285714286,0.9511479591836736,,COMPLETE
151,0.9491326530612245,2026-04-20 23:19:56.985026,2026-04-20 23:21:53.951415,0 days 00:01:56.966389,0.37551445497553426,3,512,0.0006761252395217747,constant,0.16016487565852133,512,adamw,,0.002481570037787623,0.9288775510204081,0.9405867346938775,0.9514795918367347,,COMPLETE
152,0.95,2026-04-20 23:21:54.078016,2026-04-20 23:23:15.276265,0 days 00:01:21.198249,0.25940824205584734,3,512,0.0006059291124689628,constant,0.11411560434867868,512,adamw,,0.0079859663116751,0.8891454081632653,0.9274107142857142,0.940829081632653,0.95,PRUNED
153,0.7159821428571429,2026-04-20 23:23:15.408961,2026-04-20 23:23:21.549560,0 days 00:00:06.140599,0.4333007230082419,4,256,5.1983772739278144e-05,cosine,0.4553295581126147,512,adam,,3.5713924652154232e-06,0.7159821428571429,,,,PRUNED
154,0.913954081632653,2026-04-20 23:23:21.676495,2026-04-20 23:23:33.870469,0 days 00:00:12.193974,0.27956857941794033,3,512,0.0009280844950194757,cosine,0.1837882128613054,512,adamw,,0.004336838360330558,0.913954081632653,,,,PRUNED
155,0.9357015306122449,2026-04-20 23:23:33.999883,2026-04-20 23:24:02.996040,0 days 00:00:28.996157,0.5545462688986901,2,512,0.0006096471327005703,constant,0.12634842505256802,512,adamw,,0.0034728920236354334,0.9022704081632653,0.9228061224489795,0.9357015306122449,,PRUNED
156,0.7160076530612245,2026-04-20 23:24:03.128755,2026-04-20 23:24:09.336369,0 days 00:00:06.207614,0.11990657757513129,3,512,0.0006014173720813638,constant,0.2591992796373448,512,adam,,0.0068517557536920655,0.7160076530612245,,,,PRUNED
157,0.9300510204081633,2026-04-20 23:24:09.472505,2026-04-20 23:24:38.630828,0 days 00:00:29.158323,0.2648097901504266,4,512,0.00016625360812971886,constant,0.13131711850018482,1024,adamw,,0.0005351685096993324,0.916454081632653,0.9300510204081633,,,PRUNED
158,0.6734630102040816,2026-04-20 23:24:38.753875,2026-04-20 23:24:50.653359,0 days 00:00:11.899484,0.10476541519518272,3,256,0.0001014780248034585,cosine_warmup,0.16649605953508056,512,adamw,10.0,0.0015127792477166056,0.6734630102040816,,,,PRUNED
159,0.9126020408163266,2026-04-20 23:24:50.783790,2026-04-20 23:25:02.624325,0 days 00:00:11.840535,0.26897472975619546,4,128,0.0011838276872273127,constant,0.13593760749846137,512,adamw,,0.0008352064499637785,0.9126020408163266,,,,PRUNED
160,0.9071045918367346,2026-04-20 23:25:02.753916,2026-04-20 23:25:14.786765,0 days 00:00:12.032849,0.43966225199778697,4,512,0.00011563765455060297,constant,0.2431460971304728,512,adamw,,0.005743333382717029,0.9071045918367346,,,,PRUNED
161,0.9145025510204081,2026-04-20 23:25:14.913967,2026-04-20 23:25:26.757265,0 days 00:00:11.843298,0.08601458081947844,3,512,0.0009170511835444109,constant,0.1676635059392195,512,adamw,,0.00026456413770085913,0.8523979591836734,0.9145025510204081,,,PRUNED
162,0.9402933673469388,2026-04-20 23:25:26.886913,2026-04-20 23:26:47.796782,0 days 00:01:20.909869,0.349779252463261,3,256,0.0015455596881477818,constant,0.22199229314151173,512,adamw,,0.008250522008533188,0.9330867346938776,0.9402933673469388,,,PRUNED
163,0.8906505102040816,2026-04-20 23:26:47.920165,2026-04-20 23:27:03.348970,0 days 00:00:15.428805,0.1274357537407869,4,1024,0.0003699886316837159,constant,0.12728722233504192,512,adamw,,0.007883719494333257,0.8906505102040816,,,,PRUNED
164,0.9135714285714287,2026-04-20 23:27:03.491102,2026-04-20 23:27:15.406105,0 days 00:00:11.915003,0.2007006728573565,3,512,0.0005182622172277902,constant,0.2022554363521198,128,adamw,,0.0034177483748541724,0.9006122448979592,0.9135714285714287,,,PRUNED
165,0.9471938775510205,2026-04-20 23:27:15.528833,2026-04-20 23:29:13.222071,0 days 00:01:57.693238,0.274075764826236,3,512,0.00025177110749314625,constant,0.17552135964435164,512,adamw,,0.0019953237164070277,0.8796173469387756,0.9264413265306122,0.9406122448979591,0.9523214285714285,COMPLETE
166,0.5357015306122449,2026-04-20 23:29:13.351246,2026-04-20 23:29:19.577051,0 days 00:00:06.225805,0.4548946850967224,3,512,0.002172222463909261,constant,0.12565607440497495,256,adamw,,0.0005860669280723764,0.5357015306122449,,,,PRUNED
167,0.939234693877551,2026-04-20 23:29:19.704950,2026-04-20 23:29:48.786703,0 days 00:00:29.081753,0.2760534033612241,3,512,0.0005341656953345067,constant,0.26293805002864234,512,adamw,,0.0020034538145367754,0.8883163265306122,0.9271811224489797,0.939234693877551,,PRUNED
168,0.8104910714285715,2026-04-20 23:29:48.912957,2026-04-20 23:29:57.125897,0 days 00:00:08.212940,0.23940860877829095,4,1024,4.9396172953421434e-05,constant,0.1393203496286632,1024,adam,,6.023613939635119e-06,0.8104910714285715,,,,PRUNED
169,0.8341964285714286,2026-04-20 23:29:57.264544,2026-04-20 23:30:03.376486,0 days 00:00:06.111942,0.25347476345319436,1,512,0.00024994147726532616,constant,0.14951487123856913,512,adam,,1.293601931368746e-06,0.8341964285714286,,,,PRUNED
170,0.6349362244897959,2026-04-20 23:30:03.510803,2026-04-20 23:30:09.954489,0 days 00:00:06.443686,0.23553604530859018,2,1024,1.132274513019841e-05,cosine,0.4625632661113361,256,adam,,1.3208514658857643e-05,0.6349362244897959,,,,PRUNED
171,0.9382780612244898,2026-04-20 23:30:10.082538,2026-04-20 23:30:39.488576,0 days 00:00:29.406038,0.14936258650055903,3,256,0.002481683860015237,constant,0.14620409629020048,1024,adam,,2.368394084230547e-05,0.8948979591836735,0.924515306122449,0.9382780612244898,,PRUNED
172,0.9232015306122449,2026-04-20 23:30:39.618297,2026-04-20 23:30:51.731226,0 days 00:00:12.112929,0.39085725029875057,3,512,0.0011825017239698804,constant,0.17826350529881976,512,adamw,,0.00014291886089915867,0.8798086734693878,0.9232015306122449,,,PRUNED
173,0.9423469387755102,2026-04-20 23:30:51.857758,2026-04-20 23:32:49.906082,0 days 00:01:58.048324,0.2263221360301429,3,512,0.0003057390402316236,constant,0.10219004522421529,512,adamw,,0.001783547318578073,0.9516071428571429,,,,COMPLETE
174,0.9131760204081633,2026-04-20 23:32:50.039049,2026-04-20 23:33:02.281289,0 days 00:00:12.242240,0.41486013295301966,2,512,0.000197414556808445,constant,0.164839379669066,512,adam,,0.0005250442423772446,0.9131760204081633,,,,PRUNED
175,0.9217857142857143,2026-04-20 23:33:02.414965,2026-04-20 23:33:35.269744,0 days 00:00:32.854779,0.24944382287882538,3,2048,0.00010784232582922992,constant,0.15200850361381,256,adamw,,0.00130458316299839,0.8794260204081634,0.9217857142857143,,,PRUNED
176,0.9442984693877551,2026-04-20 23:33:35.514196,2026-04-20 23:35:33.929838,0 days 00:01:58.415642,0.059192170809208605,4,512,8.490846614864537e-05,constant,0.11031284571590227,512,adam,,0.0003113556123253171,0.9340561224489796,0.9445790816326531,,,COMPLETE
177,0.7589923469387755,2026-04-20 23:35:34.053603,2026-04-20 23:35:46.196670,0 days 00:00:12.143067,0.09640145767434276,3,512,2.0302506171248612e-05,constant,0.1781531796089274,512,adam,,0.0003227642544883573,0.7589923469387755,,,,PRUNED
178,0.8945663265306123,2026-04-20 23:35:46.320293,2026-04-20 23:35:58.097917,0 days 00:00:11.777624,0.33972544703479524,3,512,7.760103189285116e-05,constant,0.1057739423802428,512,adamw,,0.0011937014482207072,0.8945663265306123,,,,PRUNED
179,0.9169005102040817,2026-04-20 23:35:58.231742,2026-04-20 23:36:10.405501,0 days 00:00:12.173759,0.056932593956326515,3,512,0.00030350231901748895,constant,0.10596834566725793,1024,adam,,5.073740385464329e-05,0.8803188775510202,0.9169005102040817,,,PRUNED
180,0.9146045918367347,2026-04-20 23:36:10.522096,2026-04-20 23:36:23.605218,0 days 00:00:13.083122,0.4522954966327058,3,1024,0.0004381861885448038,constant,0.14730774877226752,512,adamw,,0.002674528766545109,0.8825510204081632,0.9146045918367347,,,PRUNED
181,0.9468239795918367,2026-04-20 23:36:23.734236,2026-04-20 23:38:21.494949,0 days 00:01:57.760713,0.14664258601322333,4,512,0.0003671237480193105,constant,0.11231600747898461,512,adam,,0.000151753176031146,0.9408928571428571,0.9459183673469388,,,COMPLETE
182,0.9001020408163265,2026-04-20 23:38:21.629878,2026-04-20 23:38:33.769043,0 days 00:00:12.139165,0.032492570032512616,4,512,0.0001420744351601533,constant,0.19455101692531218,512,adam,,0.0007629612985467777,0.9001020408163265,,,,PRUNED
183,0.7635969387755102,2026-04-20 23:38:33.891982,2026-04-20 23:38:39.969750,0 days 00:00:06.077768,0.19543422511770736,3,512,0.0002356179344262363,cosine_warmup,0.13340481799957293,512,adam,3.0,0.0006405515006999025,0.7635969387755102,,,,PRUNED
184,0.9342729591836735,2026-04-20 23:38:40.093198,2026-04-20 23:40:01.607541,0 days 00:01:21.514343,0.07615614705894558,4,512,2.7662774817814283e-05,cosine,0.11109269189773183,512,adam,,0.00048232606750340823,0.9342729591836735,,,,PRUNED
185,0.43615433673469384,2026-04-20 23:40:01.738027,2026-04-20 23:40:07.751943,0 days 00:00:06.013916,0.4844967817876264,2,256,2.0878731143777065e-05,cosine_warmup,0.5372344743791752,128,adam,7.0,5.487408737826356e-06,0.43615433673469384,,,,PRUNED
186,0.8184948979591836,2026-04-20 23:40:07.875021,2026-04-20 23:40:14.708810,0 days 00:00:06.833789,0.020479463187373315,3,1024,6.883990245213847e-05,constant,0.14464637083315912,128,adam,,1.0088939117207755e-06,0.8184948979591836,,,,PRUNED
187,0.6955229591836736,2026-04-20 23:40:14.842676,2026-04-20 23:41:35.924585,0 days 00:01:21.081909,0.5780525755633986,1,128,1.2719921786052354e-05,cosine_warmup,0.47617917047650715,128,adam,9.0,6.410885911766033e-06,0.6955229591836736,,,,PRUNED
188,0.9042346938775511,2026-04-20 23:41:36.058792,2026-04-20 23:41:48.378400,0 days 00:00:12.319608,0.16386942969967405,4,512,7.91580080240827e-05,constant,0.10918828926199887,512,adam,,0.00014453748724176172,0.9042346938775511,,,,PRUNED
189,0.7870025510204082,2026-04-20 23:41:48.511021,2026-04-20 23:41:54.831405,0 days 00:00:06.320384,0.1474677316758023,4,512,0.0008200121749037332,constant,0.10549667004108078,512,adam,,0.00017129579062664097,0.7870025510204082,,,,PRUNED
190,0.9159566326530613,2026-04-20 23:41:54.968076,2026-04-20 23:42:27.864064,0 days 00:00:32.895988,0.15336863621163863,3,2048,0.00020894393612265824,constant,0.24583546799239614,512,adamw,,0.0001591545950743552,0.8739413265306124,0.9159566326530613,,,PRUNED
191,0.7953826530612246,2026-04-20 23:42:28.106185,2026-04-20 23:42:34.214708,0 days 00:00:06.108523,0.09310905588571547,4,128,0.00021431245559623983,constant,0.11485971393523547,256,adam,,0.00010860918654387024,0.7953826530612246,,,,PRUNED
192,0.9187117346938776,2026-04-20 23:42:34.338866,2026-04-20 23:42:46.183300,0 days 00:00:11.844434,0.09312470974885648,4,256,0.0006276774761045558,constant,0.12443988654268244,128,adam,,6.467653076683888e-05,0.8989668367346938,0.9187117346938776,,,PRUNED
193,0.5472066326530612,2026-04-20 23:42:46.324519,2026-04-20 23:42:52.588097,0 days 00:00:06.263578,0.41066347739899867,4,512,0.0005849295983192341,constant,0.17611211943104396,512,adam,,0.008481435115784308,0.5472066326530612,,,,PRUNED
194,0.8504591836734694,2026-04-20 23:42:52.711610,2026-04-20 23:43:04.838134,0 days 00:00:12.126524,0.4510412550572163,2,2048,7.108180764261795e-05,cosine,0.4137002797210192,1024,adamw,,1.840174845588742e-06,0.8504591836734694,,,,PRUNED
195,0.8235714285714286,2026-04-20 23:43:05.022593,2026-04-20 23:43:28.229720,0 days 00:00:23.207127,0.1385142674458084,4,2048,3.950102466495686e-05,constant,0.1663078492018556,1024,adam,,2.7422890191122264e-06,0.8235714285714286,,,,PRUNED
196,0.8415688775510205,2026-04-20 23:43:28.522693,2026-04-20 23:43:34.735538,0 days 00:00:06.212845,0.29832501736509115,3,512,0.00022504229337829145,constant,0.1030870356350869,1024,adam,,2.403378186252661e-06,0.8415688775510205,,,,PRUNED
197,0.904311224489796,2026-04-20 23:43:34.858653,2026-04-20 23:43:46.990511,0 days 00:00:12.131858,0.5082406713742547,4,512,0.0014658067788324964,cosine_warmup,0.19466178248529678,512,adamw,5.0,0.0008999365536292909,0.904311224489796,,,,PRUNED
198,0.5331186224489796,2026-04-20 23:43:47.128363,2026-04-20 23:43:59.159956,0 days 00:00:12.031593,0.566353786300193,1,1024,1.3542178681595009e-05,cosine_warmup,0.5715928216235623,128,adam,7.0,1.9019512705027514e-05,0.5331186224489796,,,,PRUNED
199,0.7649744897959183,2026-04-20 23:43:59.291060,2026-04-20 23:44:22.372472,0 days 00:00:23.081412,0.2547104142818181,4,2048,1.790785270391762e-05,constant,0.16953299596452256,256,adam,,3.6939322592969483e-06,0.7649744897959183,,,,PRUNED
200,0.9378443877551021,2026-04-20 23:44:22.654029,2026-04-20 23:45:42.181965,0 days 00:01:19.527936,0.514366545745886,3,2048,0.0004759451218319282,cosine_warmup,0.31029079461426257,128,adam,3.0,1.2458477711696873e-06,0.9153061224489796,0.9378443877551021,,,PRUNED
201,0.47313775510204087,2026-04-20 23:45:42.431484,2026-04-20 23:46:05.537359,0 days 00:00:23.105875,0.23148259578800157,4,2048,0.004434621936902327,constant,0.10815791310568187,128,adam,,2.2126737049635054e-05,0.47313775510204087,,,,PRUNED
202,0.9203443877551021,2026-04-20 23:46:05.816553,2026-04-20 23:46:17.827490,0 days 00:00:12.010937,0.2460892816870917,2,512,0.000962539761694938,constant,0.16719454832239838,512,adamw,,0.005124781606296175,0.894247448979592,0.9203443877551021,,,PRUNED
203,0.9336607142857143,2026-04-20 23:46:17.959951,2026-04-20 23:46:46.883283,0 days 00:00:28.923332,0.013215233426192644,2,256,0.0006194129425551087,constant,0.21954021942982754,1024,adam,,2.4838130178741528e-06,0.8906377551020408,0.9258290816326531,0.9336607142857143,,PRUNED
204,0.9260714285714285,2026-04-20 23:46:47.013896,2026-04-20 23:47:16.388961,0 days 00:00:29.375065,0.2631246971882133,3,256,0.0001393248039991696,constant,0.1284490287523021,512,adamw,,0.0019580577331600917,0.9260714285714285,,,,PRUNED
205,0.7818494897959184,2026-04-20 23:47:16.525469,2026-04-20 23:47:28.385851,0 days 00:00:11.860382,0.14390079244927434,3,128,0.000441582246991329,cosine_warmup,0.15418258773723204,512,adamw,10.0,0.008616625966404627,0.7818494897959184,,,,PRUNED
206,0.9080102040816327,2026-04-20 23:47:28.531462,2026-04-20 23:47:58.516638,0 days 00:00:29.985176,0.5349176330358933,2,1024,2.275299728836739e-05,constant,0.5419529347245298,128,adam,,2.4664352232048592e-05,0.9080102040816327,,,,PRUNED
207,0.9160586734693877,2026-04-20 23:47:58.631604,2026-04-20 23:48:28.394091,0 days 00:00:29.762487,0.5914846846348217,2,1024,2.3983313833716038e-05,cosine,0.44338551508550844,256,adamw,,4.17459221208703e-06,0.9160586734693877,,,,PRUNED
208,0.8235204081632652,2026-04-20 23:48:28.525709,2026-04-20 23:48:34.673425,0 days 00:00:06.147716,0.09798752030581706,4,512,0.0001102767051242393,constant,0.11872748163764794,128,adam,,1.8822996958435437e-05,0.8235204081632652,,,,PRUNED
209,0.5131696428571428,2026-04-20 23:48:34.817706,2026-04-20 23:48:41.258951,0 days 00:00:06.441245,0.1943637387253666,4,512,0.003324772354465682,constant,0.14953086048795666,512,adamw,,0.009320425615567098,0.5131696428571428,,,,PRUNED
210,0.9469515306122449,2026-04-20 23:48:41.401181,2026-04-20 23:50:38.726515,0 days 00:01:57.325334,0.13811827829868903,3,512,0.00039151276977082765,cosine,0.14460316351909433,512,adamw,,0.00014450600366092698,0.929655612244898,0.9421045918367348,0.9532270408163265,,COMPLETE
211,0.7121109693877552,2026-04-20 23:50:38.852273,2026-04-20 23:50:45.077541,0 days 00:00:06.225268,0.13701454834365961,4,512,0.0012733628510370359,cosine,0.17681620583470373,128,adamw,,7.614656843172786e-05,0.7121109693877552,,,,PRUNED
212,0.5461479591836735,2026-04-20 23:50:45.204976,2026-04-20 23:50:51.272709,0 days 00:00:06.067733,0.28499197348648764,3,512,7.703961664249433e-05,cosine_warmup,0.10348980700771569,512,adam,8.0,3.236736145500489e-06,0.5461479591836735,,,,PRUNED
213,0.9469642857142857,2026-04-20 23:50:51.400855,2026-04-20 23:52:49.282627,0 days 00:01:57.881772,0.17053262852719592,2,512,0.001129306355037898,cosine,0.16974138871901964,512,adamw,,0.0003607123991248612,0.9345918367346938,0.9458290816326531,,,COMPLETE
214,0.9376275510204082,2026-04-20 23:52:49.417219,2026-04-20 23:53:18.502153,0 days 00:00:29.084934,0.12864735506222075,2,512,0.0002595615154177216,cosine,0.17453980105764091,512,adamw,,0.0003044752995692169,0.9217219387755102,0.9376275510204082,,,PRUNED
215,0.9402168367346939,2026-04-20 23:53:18.635517,2026-04-20 23:54:46.854845,0 days 00:01:28.219328,0.161323420101734,3,1024,0.001050258115342855,constant,0.12933142138428727,512,adam,,7.952323311997796e-06,0.9402168367346939,,,,PRUNED
216,0.8917602040816326,2026-04-20 23:54:46.984991,2026-04-20 23:54:58.890133,0 days 00:00:11.905142,0.16887663306525613,3,512,0.001210346259145842,cosine,0.141646542907542,512,adamw,,6.956675135917612e-06,0.8917602040816326,,,,PRUNED
217,0.9205867346938776,2026-04-20 23:54:59.032066,2026-04-20 23:55:11.042213,0 days 00:00:12.010147,0.1848454209064288,2,256,0.0005844836098587908,cosine,0.14297094866635685,512,adamw,,6.126890012296746e-05,0.8851530612244898,0.9205867346938776,,,PRUNED
218,0.5185969387755102,2026-04-20 23:55:11.166140,2026-04-20 23:55:44.117504,0 days 00:00:32.951364,0.08900583472224106,3,2048,0.006051768809116687,constant,0.1428510904552616,512,adam,,3.350475907640355e-05,0.5185969387755102,,,,PRUNED
219,0.569311224489796,2026-04-20 23:55:44.350201,2026-04-20 23:55:56.310698,0 days 00:00:11.960497,0.27868328304822637,2,512,0.005283591553015019,cosine,0.14419130108876288,512,adamw,,0.0003288074123624282,0.569311224489796,,,,PRUNED
220,0.9304464285714285,2026-04-20 23:55:56.427141,2026-04-20 23:56:51.820895,0 days 00:00:55.393754,0.44317377682778747,2,2048,0.00030830535237390955,cosine,0.33036947824408613,128,adam,,2.4719700947476e-06,0.9152806122448979,0.9304464285714285,,,PRUNED
221,0.9382908163265307,2026-04-20 23:56:52.015037,2026-04-20 23:58:11.864766,0 days 00:01:19.849729,0.08474046079135308,1,512,0.0021934595787271986,cosine,0.22863101265405736,512,adamw,,0.002116653850518848,0.9382908163265307,,,,PRUNED
222,0.5314094387755102,2026-04-20 23:58:12.004906,2026-04-20 23:58:34.940760,0 days 00:00:22.935854,0.06727980685927853,4,2048,0.0027427857943428877,constant,0.1407300989851507,512,adamw,,0.0002879627112597956,0.5314094387755102,,,,PRUNED
223,0.9417729591836734,2026-04-20 23:58:35.215825,2026-04-20 23:59:56.949873,0 days 00:01:21.734048,0.06797783194173299,4,512,9.797993232906365e-05,cosine,0.2893405066274166,512,adamw,,7.614795996593292e-05,0.9348852040816327,0.9417729591836734,,,PRUNED
224,0.9487244897959184,2026-04-20 23:59:57.087502,2026-04-21 00:01:54.312167,0 days 00:01:57.224665,0.18986999306696292,3,512,0.0002591943925864743,constant,0.12595023036663833,512,adamw,,0.0023050374906901146,0.923061224489796,0.9397704081632653,0.9514158163265306,,COMPLETE
225,0.8469005102040816,2026-04-21 00:01:54.452238,2026-04-21 00:02:00.472166,0 days 00:00:06.019928,0.16911899278229658,3,128,0.0005738252408435174,cosine,0.20056609879026827,512,adamw,,9.39403089920904e-05,0.8469005102040816,,,,PRUNED
226,0.9128571428571428,2026-04-21 00:02:00.607548,2026-04-21 00:02:38.308662,0 days 00:00:37.701114,0.572501294098174,4,1024,1.69058103121522e-05,cosine,0.3728001793101582,256,adam,,0.0002474092957798163,0.9128571428571428,,,,PRUNED
227,0.9147066326530612,2026-04-21 00:02:38.465517,2026-04-21 00:03:21.663529,0 days 00:00:43.198012,0.44662250419904753,4,2048,0.00010822367659150706,cosine,0.35299142339815326,128,adam,,4.012358770687443e-06,0.8565943877551021,0.9147066326530612,,,PRUNED
228,0.8194897959183673,2026-04-21 00:03:21.951544,2026-04-21 00:03:27.965643,0 days 00:00:06.014099,0.1152463192958128,2,128,0.0003091594000020371,constant,0.15592853810952767,512,adam,,1.126964213286749e-06,0.8194897959183673,,,,PRUNED
229,0.785204081632653,2026-04-21 00:03:28.096099,2026-04-21 00:03:34.106843,0 days 00:00:06.010744,0.02370600059364128,3,512,6.308181885050963e-05,constant,0.2628562196063564,256,adamw,,0.0002912330265945853,0.785204081632653,,,,PRUNED
230,0.8399362244897959,2026-04-21 00:03:34.244511,2026-04-21 00:03:40.493395,0 days 00:00:06.248884,0.1098407643516449,4,512,0.00019871523477583828,constant,0.12991270261726673,512,adamw,,0.002217697372363516,0.8399362244897959,,,,PRUNED
231,0.5610905612244897,2026-04-21 00:03:40.626247,2026-04-21 00:03:46.569751,0 days 00:00:05.943504,0.3804694842001296,4,128,2.237507453666312e-05,cosine,0.5026457019048021,256,adam,,2.7209107003455157e-06,0.5610905612244897,,,,PRUNED
232,0.9466454081632654,2026-04-21 00:03:46.700859,2026-04-21 00:05:44.411349,0 days 00:01:57.710490,0.18914642881894161,3,512,0.00012864552234441857,constant,0.1722154856726579,512,adamw,,0.00203204568890162,0.9392984693877552,0.9502168367346939,,,COMPLETE
233,0.8107015306122447,2026-04-21 00:05:44.542631,2026-04-21 00:05:50.857117,0 days 00:00:06.314486,0.11519657806064759,4,512,0.0008611898885868782,cosine_warmup,0.1727267978135358,512,adamw,6.0,8.227321334696203e-05,0.8107015306122447,,,,PRUNED
234,0.5154591836734693,2026-04-21 00:05:50.988593,2026-04-21 00:06:14.136850,0 days 00:00:23.148257,0.03978239474622937,4,2048,0.0009429680641213024,cosine,0.13932219593129194,512,adam,,9.501993603333722e-05,0.5154591836734693,,,,PRUNED
235,0.9092219387755103,2026-04-21 00:06:14.407253,2026-04-21 00:06:29.936631,0 days 00:00:15.529378,0.09557643661196455,4,1024,0.0002624751655261522,constant,0.15280444292663967,512,adam,,0.00047837204585829163,0.8711352040816327,0.9092219387755103,,,PRUNED
236,0.919170918367347,2026-04-21 00:06:30.084077,2026-04-21 00:06:42.046093,0 days 00:00:11.962016,0.14922257504051645,3,512,0.0001460841931227696,constant,0.1492731390308766,512,adamw,,0.0005665265075681795,0.8607270408163266,0.919170918367347,,,PRUNED
237,0.9432397959183674,2026-04-21 00:06:42.182014,2026-04-21 00:09:14.072769,0 days 00:02:31.890755,0.2718318351122976,2,2048,0.00013290949865861607,constant,0.1774029352504264,512,adamw,,0.002568184881137972,0.9432397959183674,,,,PRUNED
238,0.9464030612244898,2026-04-21 00:09:14.259055,2026-04-21 00:11:12.110400,0 days 00:01:57.851345,0.12295370123165675,2,512,0.0015238367767327907,cosine,0.18672146567675024,128,adam,,0.00030543862814507453,0.9454974489795919,,,,COMPLETE
239,0.9460076530612245,2026-04-21 00:11:12.234123,2026-04-21 00:13:10.219476,0 days 00:01:57.985353,0.24610404739138783,3,512,0.0006717510140928358,cosine,0.1035067335485521,512,adamw,,0.00010872261480263074,0.8892729591836734,0.9272831632653061,0.9411734693877551,0.9520025510204081,COMPLETE
240,0.6879081632653061,2026-04-21 00:13:10.343126,2026-04-21 00:13:22.310790,0 days 00:00:11.967664,0.22465903056313127,2,512,0.002395237754334776,cosine,0.1755220543058328,128,adam,,0.002194072050507477,0.6879081632653061,,,,PRUNED
241,0.9292857142857143,2026-04-21 00:13:22.434817,2026-04-21 00:13:51.690774,0 days 00:00:29.255957,0.5934420108682509,4,128,0.000292424614219041,cosine,0.4717229486663399,256,adamw,,2.082253158766885e-06,0.9292857142857143,,,,PRUNED
242,0.9204081632653061,2026-04-21 00:13:51.814442,2026-04-21 00:14:03.654619,0 days 00:00:11.840177,0.3299416575702818,3,512,0.0019245088658230017,cosine,0.10137562689847418,512,adam,,0.00027399213593870347,0.8768112244897959,0.9204081632653061,,,PRUNED
243,0.939234693877551,2026-04-21 00:14:03.778055,2026-04-21 00:14:33.080369,0 days 00:00:29.302314,0.15432635003702674,3,512,0.0010597177604347344,cosine,0.1274756966072156,512,adamw,,8.506698340519003e-05,0.885408163265306,0.9252678571428571,0.939234693877551,,PRUNED
244,0.9348086734693878,2026-04-21 00:14:33.197348,2026-04-21 00:15:02.853990,0 days 00:00:29.656642,0.028425049375630118,2,512,0.00048726022127401993,cosine,0.14654486391971655,128,adam,,0.0002588214023299856,0.920420918367347,0.9348086734693878,,,PRUNED
245,0.8455357142857143,2026-04-21 00:15:02.984782,2026-04-21 00:15:14.827728,0 days 00:00:11.842946,0.22113149345568833,3,512,0.00016917328992947,cosine_warmup,0.2016716952708756,512,adamw,4.0,0.0020572489352153603,0.8455357142857143,,,,PRUNED
246,0.9161352040816326,2026-04-21 00:15:14.956228,2026-04-21 00:15:27.065092,0 days 00:00:12.108864,0.2187795898125675,3,512,0.0001423218270013742,constant,0.17904213296692711,512,adamw,,0.006181601785149022,0.8573086734693878,0.9161352040816326,,,PRUNED
247,0.5298533163265307,2026-04-21 00:15:27.202801,2026-04-21 00:15:34.119905,0 days 00:00:06.917104,0.06259447077823675,3,1024,0.0015575936231674364,constant,0.17105933961567543,1024,adam,,4.198725882895793e-06,0.5298533163265307,,,,PRUNED
248,0.8895663265306122,2026-04-21 00:15:34.264107,2026-04-21 00:15:47.402244,0 days 00:00:13.138137,0.4764238689155341,3,1024,5.071573908266706e-05,cosine,0.3604758950037463,256,adam,,2.416893309818486e-06,0.8895663265306122,,,,PRUNED
249,0.7705229591836736,2026-04-21 00:15:47.530401,2026-04-21 00:16:10.445259,0 days 00:00:22.914858,0.3689867647131498,4,2048,0.0005664820302598793,constant,0.18049224903616035,512,adamw,,0.005692708745147208,0.7705229591836736,,,,PRUNED
250,0.8177040816326532,2026-04-21 00:16:10.720419,2026-04-21 00:16:17.621326,0 days 00:00:06.900907,0.4428930075508216,3,1024,5.199250663479746e-05,cosine,0.5404292326136222,512,adam,,3.820990151451343e-06,0.8177040816326532,,,,PRUNED
251,0.8149872448979593,2026-04-21 00:16:17.750669,2026-04-21 00:16:40.867920,0 days 00:00:23.117251,0.3139242726254945,4,2048,2.790277523137779e-05,constant,0.23449779779955882,1024,adam,,6.765015406611208e-06,0.8149872448979593,,,,PRUNED
